id,level,title,year,month,url,journal
1,1,Understanding of COVID-19 based on current evidence,2020,2,https://onlinelibrary.wiley.com/doi/10.1002/jmv.25722,Journal of Medical Virology
2,5,COVID-19 epidemic: Disease characteristics in children,2020,3,https://onlinelibrary.wiley.com/doi/10.1002/jmv.25807,Journal of Medical Virology
3,4,Failure in initial stage containment of global COVID-19 epicenters,2020,4,https://onlinelibrary.wiley.com/doi/10.1002/jmv.25883,Journal of Medical Virology
4,4,Understanding epidemic data and statistics: A case study of COVID-19,2020,4,https://onlinelibrary.wiley.com/doi/10.1002/jmv.25885,Journal of Medical Virology
5,4,CT imaging features of 4121 patients with COVID-19: A meta-analysis,2020,4,https://onlinelibrary.wiley.com/doi/10.1002/jmv.25910,Journal of Medical Virology
6,5,"Hyperglycemia, hydroxychloroquine, and the COVID-19 pandemic",2020,4,https://onlinelibrary.wiley.com/doi/10.1002/jmv.25887,Journal of Medical Virology
7,7,Unique epidemiological and clinical features of the emerging 2019 novel coronavirus pneumonia (COVID-19) implicate special control measures,2020,3,https://onlinelibrary.wiley.com/doi/10.1002/jmv.25748,Journal of Medical Virology
8,5,Coronavirus disease (COVID-19) and neonate: What neonatologist need to know,2020,3,https://onlinelibrary.wiley.com/doi/10.1002/jmv.25740,Journal of Medical Virology
9,6,"COVID-19 patients' clinical characteristics, discharge rate, and fatality rate of meta-analysis",2020,3,https://onlinelibrary.wiley.com/doi/10.1002/jmv.25757,Journal of Medical Virology
10,4,Is Pakistan prepared for the COVID-19 epidemic? A questionnaire-based survey,2020,4,https://onlinelibrary.wiley.com/doi/10.1002/jmv.25814,Journal of Medical Virology
11,5,Clinical features and treatment of COVID-19 patients in northeast Chongqing,2020,3,https://onlinelibrary.wiley.com/doi/10.1002/jmv.25783,Journal of Medical Virology
12,6,Tocilizumab treatment in COVID-19: A single center experience,2020,4,https://onlinelibrary.wiley.com/doi/10.1002/jmv.25801,Journal of Medical Virology
13,1,Diagnostic utility of clinical laboratory data determinations for patients with the severe COVID-19,2020,3,https://onlinelibrary.wiley.com/doi/10.1002/jmv.25770,Journal of Medical Virology
14,1,Convalescent plasma transfusion for the treatment of COVID-19: Systematic review,2020,5,https://onlinelibrary.wiley.com/doi/10.1002/jmv.25961,Journal of Medical Virology
15,6,Transmission dynamics of the COVID-19 outbreak and effectiveness of government interventions: A data-driven analysis,2020,3,https://onlinelibrary.wiley.com/doi/10.1002/jmv.25750,Journal of Medical Virology
16,1,Vaginal delivery report of a healthy neonate born to a convalescent mother with COVID¬≠-19,2020,4,https://onlinelibrary.wiley.com/doi/10.1002/jmv.25857,Journal of Medical Virology
17,1,Novel coronavirus treatment with ribavirin: Groundwork for an evaluation concerning COVID-19,2020,3,https://onlinelibrary.wiley.com/doi/10.1002/jmv.25798,Journal of Medical Virology
18,1,The neuroinvasive potential of SARS-CoV2 may play a role in the respiratory failure of COVID-19 patients,2020,2,https://onlinelibrary.wiley.com/doi/10.1002/jmv.25728,Journal of Medical Virology
19,5,Long-term Coexistence of SARS-CoV-2 with Antibody Response in COVID-19 Patients,2020,4,https://onlinelibrary.wiley.com/doi/10.1002/jmv.25946,Journal of Medical Virology
20,6,Does recombinant human erythropoietin administration in critically ill COVID-19 patients have miraculous therapeutic effects?,2020,4,https://onlinelibrary.wiley.com/doi/10.1002/jmv.25839,Journal of Medical Virology
21,4,CD-sACE2 inclusion compounds: An effective treatment for coronavirus disease 2019 (COVID-19),2020,3,https://onlinelibrary.wiley.com/doi/10.1002/jmv.25804,Journal of Medical Virology
22,6,Detectable SARS-CoV-2 viral RNA in feces of three children during recovery period of COVID-19 pneumonia,2020,3,https://onlinelibrary.wiley.com/doi/10.1002/jmv.25795,Journal of Medical Virology
23,1,The effectiveness of quarantine of Wuhan city against the Corona Virus Disease 2019 (COVID-19): A well-mixed SEIR model analysis,2020,4,https://onlinelibrary.wiley.com/doi/10.1002/jmv.25827,Journal of Medical Virology
24,4,"Clinical characteristics of 54 medical staff with COVID-19: A retrospective study in a single center in Wuhan, China",2020,3,https://onlinelibrary.wiley.com/doi/10.1002/jmv.25793,Journal of Medical Virology
25,4,Analyzing situational awareness through public opinion to predict adoption of social distancing amid pandemic COVID-19,2020,4,https://onlinelibrary.wiley.com/doi/10.1002/jmv.25840,Journal of Medical Virology
26,4,The impact of COPD and smoking history on the severity of Covid-19: A systemic review and meta-analysis,2020,4,https://onlinelibrary.wiley.com/doi/10.1002/jmv.25889,Journal of Medical Virology
27,1,"Description of COVID-19 cases along with the measures taken on prevention and control in Zhejiang, China",2020,4,https://onlinelibrary.wiley.com/doi/10.1002/jmv.25906,Journal of Medical Virology
28,4,The emergence of a novel coronavirus (SARS-CoV-2) disease and their neuroinvasive propensity may affect in COVID-19 patients,2020,4,https://onlinelibrary.wiley.com/doi/10.1002/jmv.25918,Journal of Medical Virology
29,4,Organ-protective effect of angiotensin-converting enzyme 2 and its effect on the prognosis of COVID-19,2020,3,https://onlinelibrary.wiley.com/doi/10.1002/jmv.25785,Journal of Medical Virology
30,4,"Positive result of Sars-Cov-2 in faeces and sputum from discharged patient with COVID-19 in Yiwu, China",2020,4,https://onlinelibrary.wiley.com/doi/10.1002/jmv.25905,Journal of Medical Virology
31,1,"The application of Temporary Ark Hospitals in controlling COVID-19 spread: the experiences of one Temporary Ark Hospital, Wuhan, China",2020,4,https://onlinelibrary.wiley.com/doi/10.1002/jmv.25947,Journal of Medical Virology
32,1,Stability issues of RT-PCR testing of SARS-CoV-2 for hospitalized patients clinically diagnosed with COVID-19,2020,3,https://onlinelibrary.wiley.com/doi/10.1002/jmv.25786,Journal of Medical Virology
33,1,Is novel coronavirus disease (COVID-19) transmitted through conjunctiva?,2020,3,https://onlinelibrary.wiley.com/doi/10.1002/jmv.25753,Journal of Medical Virology
34,1,Positive externalities of an epidemic: The case of the coronavirus (COVID-19) in China,2020,4,https://onlinelibrary.wiley.com/doi/10.1002/jmv.25830,Journal of Medical Virology
35,4,"Under the epidemic situation of COVID-19, should special attention to pregnant women be given?",2020,3,https://onlinelibrary.wiley.com/doi/10.1002/jmv.25771,Journal of Medical Virology
36,1,Combination of RT-qPCR testing and clinical features for diagnosis of COVID-19 facilitates management of SARS-CoV-2 outbreak,2020,2,https://onlinelibrary.wiley.com/doi/10.1002/jmv.25721,Journal of Medical Virology
37,1,Global approaches for global challenges: The possible support of rehabilitation in the management of COVID-19,2020,4,https://onlinelibrary.wiley.com/doi/10.1002/jmv.25829,Journal of Medical Virology
38,1,Virological and clinical cure in COVID-19 patients treated with hydroxychloroquine: A systematic review and meta-analysis,2020,4,https://onlinelibrary.wiley.com/doi/10.1002/jmv.25898,Journal of Medical Virology
39,5,Neutrophil-to-lymphocyte ratio and lymphocyte-to-C-reactive protein ratio in patients with severe coronavirus disease 2019 (COVID-19): A meta-analysis,2020,4,https://onlinelibrary.wiley.com/doi/10.1002/jmv.25819,Journal of Medical Virology
40,5,An alteration of the dopamine synthetic pathway is possibly involved in the pathophysiology of COVID-19,2020,4,https://onlinelibrary.wiley.com/doi/10.1002/jmv.25826,Journal of Medical Virology
41,4,Sore throat in COVID-19: Comment on ‚ÄúClinical characteristics of hospitalized patients with SARS-CoV-2 infection: A single arm meta-analysis‚Äù,2020,4,https://onlinelibrary.wiley.com/doi/10.1002/jmv.25815,Journal of Medical Virology
42,1,Response to: Sore throat in COVID-19: comment on ‚ÄúClinical characteristics of hospitalized patients with SARS-CoV-2 infection: A single arm meta-analysis‚Äù,2020,4,https://onlinelibrary.wiley.com/doi/10.1002/jmv.25818,Journal of Medical Virology
43,1,Fecal specimen diagnosis 2019 novel coronavirus‚Äìinfected pneumonia,2020,3,https://onlinelibrary.wiley.com/doi/10.1002/jmv.25742,Journal of Medical Virology
44,1,A systematic review of lopinavir therapy for SARS coronavirus and MERS coronavirus‚A possible reference for coronavirus disease-19 treatment option,2020,2,https://onlinelibrary.wiley.com/doi/10.1002/jmv.25729,Journal of Medical Virology
45,1,Coronavirus disease 2019: What we know?,2020,3,https://onlinelibrary.wiley.com/doi/10.1002/jmv.25766,Journal of Medical Virology
46,1,Potential interventions for novel coronavirus in China: A systematic review,2020,2,https://onlinelibrary.wiley.com/doi/10.1002/jmv.25707,Journal of Medical Virology
47,1,"The clinical characteristics of pneumonia patients coinfected with 2019 novel coronavirus and influenza virus in Wuhan, China",2020,3,https://onlinelibrary.wiley.com/doi/10.1002/jmv.25781,Journal of Medical Virology
48,5,"Initial clinical features of suspected coronavirus disease 2019 in two emergency departments outside of Hubei, China",2020,3,https://onlinelibrary.wiley.com/doi/10.1002/jmv.25763,Journal of Medical Virology
49,1,A report of clinical diagnosis and treatment of nine cases of coronavirus disease 2019,2020,3,https://onlinelibrary.wiley.com/doi/10.1002/jmv.25755,Journal of Medical Virology
50,1,Clinical analysis of pregnant women with 2019 novel coronavirus pneumonia,2020,3,https://onlinelibrary.wiley.com/doi/10.1002/jmv.25789,Journal of Medical Virology
51,1,An analysis of spatiotemporal pattern for COIVD-19 in China based on space-time cube,2020,4,https://onlinelibrary.wiley.com/doi/10.1002/jmv.25834,Journal of Medical Virology
52,1,Composition and divergence of coronavirus spike proteins and host ACE2 receptors predict potential intermediate hosts of SARS-CoV-2,2020,2,https://onlinelibrary.wiley.com/doi/10.1002/jmv.25726,Journal of Medical Virology
53,5,Maternal health care management during the outbreak of coronavirus disease 2019,2020,3,https://onlinelibrary.wiley.com/doi/10.1002/jmv.25787,Journal of Medical Virology
54,6,Diagnostic accuracy of an automated chemiluminescent immunoassay for anti-SARS-CoV-2 IgM and IgG antibodies: an Italian experience,2020,4,https://onlinelibrary.wiley.com/doi/10.1002/jmv.25932,Journal of Medical Virology
55,7,Imaging and clinical features of patients with 2019 novel coronavirus SARS-CoV-2: A systematic review and meta-analysis,2020,4,https://onlinelibrary.wiley.com/doi/10.1002/jmv.25822,Journal of Medical Virology
56,5,Platelet-to-lymphocyte ratio is associated with prognosis in patients with coronavirus disease-19,2020,3,https://onlinelibrary.wiley.com/doi/10.1002/jmv.25767,Journal of Medical Virology
57,5,"Evolutionary history, potential intermediate animal host, and cross-species analyses of SARS-CoV-2",2020,2,https://onlinelibrary.wiley.com/doi/10.1002/jmv.25731,Journal of Medical Virology
58,5,Genomic characterization and phylogenetic analysis of SARS-COV-2 in Italy,2020,3,https://onlinelibrary.wiley.com/doi/10.1002/jmv.25794,Journal of Medical Virology
59,5,Three Taiwan's domestic family cluster infections of coronavirus disease 2019,2020,4,https://onlinelibrary.wiley.com/doi/10.1002/jmv.25949,Journal of Medical Virology
60,5,The potential chemical structure of anti-SARS-CoV-2 RNA-dependent RNA polymerase,2020,3,https://onlinelibrary.wiley.com/doi/10.1002/jmv.25761,Journal of Medical Virology
61,6,Development and clinical application of a rapid IgM-IgG combined antibody test for SARS-CoV-2 infection diagnosis,2020,2,https://onlinelibrary.wiley.com/doi/10.1002/jmv.25727,Journal of Medical Virology
62,5,The establishment of reference sequence for SARS-CoV-2 and variation analysis,2020,3,https://onlinelibrary.wiley.com/doi/10.1002/jmv.25762,Journal of Medical Virology
63,5,Potential utilities of mask-wearing and instant hand hygiene for fighting SARS-CoV-2,2020,3,https://onlinelibrary.wiley.com/doi/10.1002/jmv.25805,Journal of Medical Virology
64,5,Structural variations in human ACE2 may influence its binding with SARS-CoV-2 spike protein,2020,4,https://onlinelibrary.wiley.com/doi/10.1002/jmv.25832,Journal of Medical Virology
65,4,A survey of 434 clinical trials about coronavirus disease 2019 in China,2020,3,https://onlinelibrary.wiley.com/doi/10.1002/jmv.25779,Journal of Medical Virology
66,5,SARS-CoV-2 spike protein favors ACE2 from Bovidae and Cricetidae,2020,4,https://onlinelibrary.wiley.com/doi/10.1002/jmv.25817,Journal of Medical Virology
67,5,Evaluation of coronavirus in tears and conjunctival secretions of patients with SARS-CoV-2 infection,2020,2,https://onlinelibrary.wiley.com/doi/10.1002/jmv.25725,Journal of Medical Virology
68,1,Understanding evolution of SARS-CoV-2: a perspective from analysis of genetic diversity of RdRp gene,2020,4,https://onlinelibrary.wiley.com/doi/10.1002/jmv.25909,Journal of Medical Virology
69,1,Antibodies to coronaviruses are higher in older compared with younger adults and binding antibodies are more sensitive than neutralizing antibodies in identifying coronavirus-associated illnesses,2020,2,https://onlinelibrary.wiley.com/doi/10.1002/jmv.25715,Journal of Medical Virology
70,6,Latest updates on COVID-2019: A changing paradigm shift,2020,3,https://onlinelibrary.wiley.com/doi/10.1002/jmv.25760,Journal of Medical Virology
71,5,Optimization of group size in pool testing strategy for SARS-CoV-2: A simple mathematical model,2020,4,https://onlinelibrary.wiley.com/doi/10.1002/jmv.25929,Journal of Medical Virology
72,5,Development of epitope-based peptide vaccine against novel coronavirus 2019 (SARS-COV-2): Immunoinformatics approach,2020,2,https://onlinelibrary.wiley.com/doi/10.1002/jmv.25736,Journal of Medical Virology
73,5,Clinical characteristics of hospitalized patients with SARS-CoV-2 infection: A single arm meta-analysis,2020,2,https://onlinelibrary.wiley.com/doi/10.1002/jmv.25735,Journal of Medical Virology
74,5,Genomic variance of the 2019-nCoV coronavirus,2020,2,https://onlinelibrary.wiley.com/doi/10.1002/jmv.25700,Journal of Medical Virology
75,1,Controversial treatments: An updated understanding of the coronavirus disease 2019,2020,3,https://onlinelibrary.wiley.com/doi/10.1002/jmv.25788,Journal of Medical Virology
76,6,COVID-2019: The role of the nsp2 and nsp3 in its pathogenesis,2020,2,https://onlinelibrary.wiley.com/doi/10.1002/jmv.25719,Journal of Medical Virology
77,4,Early phylogenetic estimate of the effective reproduction number of SARS-CoV-2,2020,2,https://onlinelibrary.wiley.com/doi/10.1002/jmv.25723,Journal of Medical Virology
78,5,The course of clinical diagnosis and treatment of a case infected with coronavirus disease 2019,2020,2,https://onlinelibrary.wiley.com/doi/10.1002/jmv.25711,Journal of Medical Virology
79,6,Immunoinformatics-aided identification of T cell and B cell epitopes in the surface glycoprotein of 2019-nCoV,2020,2,https://onlinelibrary.wiley.com/doi/10.1002/jmv.25698,Journal of Medical Virology
80,6,An exclusive 42 amino acid signature in pp1ab protein provides insights into the evolutive history of the 2019 novel human-pathogenic coronavirus (SARS-CoV-2),2020,3,https://onlinelibrary.wiley.com/doi/10.1002/jmv.25758,Journal of Medical Virology
81,5,The progress of 2019 novel coronavirus event in China,2020,2,https://onlinelibrary.wiley.com/doi/10.1002/jmv.25705,Journal of Medical Virology
82,1,Evolving status of the 2019 novel coronavirus infection: Proposal of conventional serologic assays for disease diagnosis and infection monitoring,2020,2,https://onlinelibrary.wiley.com/doi/10.1002/jmv.25702,Journal of Medical Virology
83,4,Does SARS-CoV-2 has a longer incubation period than SARS and MERS?,2020,2,https://onlinelibrary.wiley.com/doi/10.1002/jmv.25708,Journal of Medical Virology
84,5,"Overlapping and discrete aspects of the pathology and pathogenesis of the emerging human pathogenic coronaviruses SARS-CoV, MERS-CoV, and 2019-nCoV",2020,2,https://onlinelibrary.wiley.com/doi/10.1002/jmv.25709,Journal of Medical Virology
85,5,The first two cases of 2019-nCoV in Italy: Where they come from?,2020,2,https://onlinelibrary.wiley.com/doi/10.1002/jmv.25699,Journal of Medical Virology
86,6,From SARS and MERS CoVs to SARS-CoV-2: Moving toward more biased codon usage in viral structural and nonstructural genes,2020,3,https://onlinelibrary.wiley.com/doi/10.1002/jmv.25754,Journal of Medical Virology
87,6,Clinical trial analysis of 2019-nCoV therapy registered in China,2020,2,https://onlinelibrary.wiley.com/doi/10.1002/jmv.25733,Journal of Medical Virology
88,1,Economic impacts of Wuhan 2019-nCoV on China and the world,2020,2,https://onlinelibrary.wiley.com/doi/10.1002/jmv.25706,Journal of Medical Virology
89,5,Transmission dynamics and evolutionary history of 2019-nCoV,2020,2,https://onlinelibrary.wiley.com/doi/10.1002/jmv.25701,Journal of Medical Virology
90,1,Phylogenetic analysis of the first four SARS-CoV-2 cases in Chile,2020,3,https://onlinelibrary.wiley.com/doi/10.1002/jmv.25797,Journal of Medical Virology
91,1,The Wuhan SARS-CoV-2‚What's next for China,2020,3,https://onlinelibrary.wiley.com/doi/10.1002/jmv.25738,Journal of Medical Virology
92,5,Coronavirus uses as binding site in humans angiotensin-converting enzyme 2 functional receptor that is involved in arterial blood pressure control and fibrotic response to damage and is a drug target in cardiovascular disease. Is this just a phylogenetic coincidence?,2020,3,https://onlinelibrary.wiley.com/doi/10.1002/jmv.25774,Journal of Medical Virology
93,1,"Caution should be exercised for the detection of SARS-CoV-2, especially in the elderly",2020,3,https://onlinelibrary.wiley.com/doi/10.1002/jmv.25796,Journal of Medical Virology
94,5,"Co-infection of SARS-CoV-2 and HIV in a patient in Wuhan city, China",2020,3,https://onlinelibrary.wiley.com/doi/10.1002/jmv.25732,Journal of Medical Virology
95,6,"Comments on ‚Äúcoinfection of SARS-CoV-2 and HIV in a patient in Wuhan city, China‚Äù",2020,4,https://onlinelibrary.wiley.com/doi/10.1002/jmv.25821,Journal of Medical Virology
96,5,SARS-CoV-2 and HIV,2020,3,https://onlinelibrary.wiley.com/doi/10.1002/jmv.25782,Journal of Medical Virology
97,1,Comments on Zhang et al: Clinical trial analysis of 2019-nCoV therapy registered in China,2020,4,https://onlinelibrary.wiley.com/doi/10.1002/jmv.25806,Journal of Medical Virology
98,1,Respiratory failure alone does not suggest central nervous system invasion by SARS-CoV-2,2020,4,https://onlinelibrary.wiley.com/doi/10.1002/jmv.25828,Journal of Medical Virology
99,1,The 2019-new coronavirus epidemic: Evidence for virus evolution,2020,1,https://onlinelibrary.wiley.com/doi/10.1002/jmv.25688,Journal of Medical Virology
100,1,"SARS-CoV-2 can be detected in urine, blood, anal swabs, and oropharyngeal swabs specimens",2020,4,https://onlinelibrary.wiley.com/doi/10.1002/jmv.25936,Journal of Medical Virology
101,6,Proficiency testing for the detection of Middle East respiratory syndrome coronavirus demonstrates global capacity to detect Middle East respiratory syndrome coronavirus,2018,7,https://onlinelibrary.wiley.com/doi/10.1002/jmv.25266,Journal of Medical Virology
102,6,"Updated understanding of the outbreak of 2019 novel coronavirus (2019-nCoV) in Wuhan, China",2020,1,https://onlinelibrary.wiley.com/doi/10.1002/jmv.25689,Journal of Medical Virology
103,1,Coronavirus infections and immune responses,2020,1,https://onlinelibrary.wiley.com/doi/10.1002/jmv.25685,Journal of Medical Virology
104,5,Cross-species transmission of the newly identified coronavirus 2019-nCoV,2020,1,https://onlinelibrary.wiley.com/doi/10.1002/jmv.25682,Journal of Medical Virology
105,6,Severe acute respiratory syndrome coronavirus spike protein counteracts BST2-mediated restriction of virus-like particle release,2019,6,https://onlinelibrary.wiley.com/doi/10.1002/jmv.25518,Journal of Medical Virology
106,7,Interpatient mutational spectrum of human coronavirus-OC43 revealed by illumina sequencing,2017,2,https://onlinelibrary.wiley.com/doi/10.1002/jmv.24780,Journal of Medical Virology
107,5,"A guideline for homology modeling of the proteins from newly discovered betacoronavirus, 2019 novel coronavirus (2019-nCoV)",2020,3,https://onlinelibrary.wiley.com/doi/10.1002/jmv.25768,Journal of Medical Virology
108,4,"Sero-prevalence of Middle East respiratory syndrome coronavirus (MERS-CoV) specific antibodies in dromedary camels in Tabuk, Saudi Arabia",2018,4,https://onlinelibrary.wiley.com/doi/10.1002/jmv.25186,Journal of Medical Virology
109,5,Updates on Wuhan 2019 novel coronavirus epidemic,2020,2,https://onlinelibrary.wiley.com/doi/10.1002/jmv.25695,Journal of Medical Virology
110,5,"Possible involvement of infection with human coronavirus 229E, but not NL63, in Kawasaki disease",2014,4,https://onlinelibrary.wiley.com/doi/10.1002/jmv.23950,Journal of Medical Virology
111,6,A comparative-descriptive analysis of clinical characteristics in 2019-coronavirus-infected children and adults,2020,4,https://onlinelibrary.wiley.com/doi/10.1002/jmv.25835,Journal of Medical Virology
112,5,Prevalence and molecular epidemiology of human coronavirus HKU1 in patients with acute respiratory illness,2012,11,https://onlinelibrary.wiley.com/doi/10.1002/jmv.23465,Journal of Medical Virology
113,4,Evaluate severe acute respiratory syndrome coronavirus 2 infectivity by pseudoviral particles,2020,4,https://onlinelibrary.wiley.com/doi/10.1002/jmv.25865,Journal of Medical Virology
114,1,"Emerging coronaviruses: Genome structure, replication, and pathogenesis",2020,1,https://onlinelibrary.wiley.com/doi/10.1002/jmv.25681,Journal of Medical Virology
115,1,A doubt of multiple introduction of SARS-CoV-2 in Italy: A preliminary overview,2020,3,https://onlinelibrary.wiley.com/doi/10.1002/jmv.25773,Journal of Medical Virology
116,5,Recent advances in the detection of respiratory virus infection in humans,2020,1,https://onlinelibrary.wiley.com/doi/10.1002/jmv.25674,Journal of Medical Virology
117,1,"Epidemiology of Covid-19 in a Long-Term Care Facility in King County, Washington",2020,3,https://www.nejm.org/doi/full/10.1056/NEJMoa2005412,The New England Journal of Medicine
118,4,Renin‚ÄìAngiotensin‚ÄìAldosterone System Inhibitors and Risk of Covid-19,2020,5,https://www.nejm.org/doi/full/10.1056/NEJMoa2008975,The New England Journal of Medicine
119,5,Renin‚ÄìAngiotensin‚ÄìAldosterone System Blockers and the Risk of Covid-19,2020,5,https://www.nejm.org/doi/full/10.1056/NEJMoa2006923,The New England Journal of Medicine
120,4,Clinical Characteristics of Coronavirus Disease 2019 in China,2020,4,https://www.nejm.org/doi/full/10.1056/NEJMoa2002032,The New England Journal of Medicine
121,4,Covid-19 in Critically Ill Patients in the Seattle Region ‚ Case Series,2020,3,https://www.nejm.org/doi/full/10.1056/NEJMoa2004500,The New England Journal of Medicine
122,7,Presymptomatic SARS-CoV-2 Infections and Transmission in a Skilled Nursing Facility,2020,4,https://www.nejm.org/doi/full/10.1056/NEJMoa2008457,The New England Journal of Medicine
123,4,Compassionate Use of Remdesivir for Patients with Severe Covid-19,2020,4,https://www.nejm.org/doi/full/10.1056/NEJMoa2007016,The New England Journal of Medicine
124,5,"Cardiovascular Disease, Drug Therapy, and Mortality in Covid-19",2020,5,https://www.nejm.org/doi/full/10.1056/NEJMoa2007621,The New England Journal of Medicine
125,4,Renin‚ÄìAngiotensin‚ÄìAldosterone System Inhibitors in Patients with Covid-19,2020,4,https://www.nejm.org/doi/full/10.1056/NEJMsr2005760,The New England Journal of Medicine
126,7,A Trial of Lopinavir‚ÄìRitonavir in Adults Hospitalized with Severe Covid-19,2020,3,https://www.nejm.org/doi/full/10.1056/NEJMoa2001282,The New England Journal of Medicine
127,4,Mild or Moderate Covid-19,2020,4,https://www.nejm.org/doi/full/10.1056/NEJMcp2009249,The New England Journal of Medicine
128,5,Spread of SARS-CoV-2 in the Icelandic Population,2020,4,https://www.nejm.org/doi/full/10.1056/NEJMoa2006100,The New England Journal of Medicine
129,5,Inhibitors of the Renin‚ÄìAngiotensin‚ÄìAldosterone System and Covid-19,2020,5,https://www.nejm.org/doi/full/10.1056/NEJMe2012924,The New England Journal of Medicine
130,1,Universal Masking in Hospitals in the Covid-19 Era,2020,4,https://www.nejm.org/doi/full/10.1056/NEJMp2006372,The New England Journal of Medicine
131,1,We Signed Up for This!‚ Student and Trainee Responses to the Covid-19 Pandemic,2020,4,https://www.nejm.org/doi/full/10.1056/NEJMp2005234,The New England Journal of Medicine
132,4,Undocumented U.S. Immigrants and Covid-19,2020,3,https://www.nejm.org/doi/full/10.1056/NEJMp2005953,The New England Journal of Medicine
133,1,Waiting for Something Positive,2020,4,https://www.nejm.org/doi/full/10.1056/NEJMp2008797,The New England Journal of Medicine
134,1,Covid-19 ‚ Navigating the Uncharted,2020,3,https://www.nejm.org/doi/full/10.1056/NEJMe2002387,The New England Journal of Medicine
135,1,Virtually Perfect? Telemedicine for Covid-19,2020,4,https://www.nejm.org/doi/full/10.1056/NEJMp2003539,The New England Journal of Medicine
136,1,The Invisible Hand ‚ Medical Care during the Pandemic,2020,4,https://www.nejm.org/doi/full/10.1056/NEJMp2006607,The New England Journal of Medicine
137,5,Covid-19 and the Need for Health Care Reform,2020,4,https://www.nejm.org/doi/full/10.1056/NEJMp2000821,The New England Journal of Medicine
138,5,Responding to Covid-19 ‚ A Once-in-a-Century Pandemic?,2020,4,https://www.nejm.org/doi/full/10.1056/NEJMp2003762,The New England Journal of Medicine
139,5,Critical Supply Shortages ‚ The Need for Ventilators and Personal Protective Equipment during the Covid-19 Pandemic,2020,4,https://www.nejm.org/doi/full/10.1056/NEJMp2006141,The New England Journal of Medicine
140,1,"Asymptomatic Transmission, the Achilles‚Äô Heel of Current Strategies to Control Covid-19",2020,4,https://www.nejm.org/doi/full/10.1056/NEJMe2009758,The New England Journal of Medicine
141,6,Covid-19 and Immunity in Aging Populations ‚ A New Research Agenda,2020,4,https://www.nejm.org/doi/full/10.1056/NEJMp2006761,The New England Journal of Medicine
142,4,Abortion during the Covid-19 Pandemic ‚ Ensuring Access to an Essential Health Service,2020,4,https://www.nejm.org/doi/full/10.1056/NEJMp2008006,The New England Journal of Medicine
143,4,Harnessing Our Humanity ‚ How Washington‚Äôs Health Care Workers Have Risen to the Pandemic Challenge,2020,4,https://www.nejm.org/doi/full/10.1056/NEJMp2007466,The New England Journal of Medicine
144,4,Fair Allocation of Scarce Medical Resources in the Time of Covid-19,2020,3,https://www.nejm.org/doi/full/10.1056/NEJMsb2005114,The New England Journal of Medicine
145,6,"Thinking Globally, Acting Locally ‚ The U.S. Response to Covid-19",2020,4,https://www.nejm.org/doi/full/10.1056/NEJMp2006740,The New England Journal of Medicine
146,4,Not Dying Alone ‚ Modern Compassionate Care in the Covid-19 Pandemic,2020,4,https://www.nejm.org/doi/full/10.1056/NEJMp2007781,The New England Journal of Medicine
147,1,Covid-19 and Health Care‚Äôs Digital Revolution,2020,4,https://www.nejm.org/doi/full/10.1056/NEJMp2005835,The New England Journal of Medicine
148,1,Feeding Low-Income Children during the Covid-19 Pandemic,2020,4,https://www.nejm.org/doi/full/10.1056/NEJMp2005638,The New England Journal of Medicine
149,6,Drug Evaluation during the Covid-19 Pandemic,2020,4,https://www.nejm.org/doi/full/10.1056/NEJMp2009457,The New England Journal of Medicine
150,4,Africa in the Path of Covid-19,2020,4,https://www.nejm.org/doi/full/10.1056/NEJMp2008193,The New England Journal of Medicine
151,4,Mental Health and the Covid-19 Pandemic,2020,4,https://www.nejm.org/doi/full/10.1056/NEJMp2008017,The New England Journal of Medicine
152,4,History in a Crisis ‚ Lessons for Covid-19,2020,4,https://www.nejm.org/doi/full/10.1056/NEJMp2004361,The New England Journal of Medicine
153,1,Covid-19 ‚ The Law and Limits of Quarantine,2020,4,https://www.nejm.org/doi/full/10.1056/NEJMp2004211,The New England Journal of Medicine
154,4,"Disease Control, Civil Liberties, and Mass Testing ‚ Calibrating Restrictions during the Covid-19 Pandemic",2020,4,https://www.nejm.org/doi/full/10.1056/NEJMp2007637,The New England Journal of Medicine
155,1,Ensuring and Sustaining a Pandemic Workforce,2020,4,https://www.nejm.org/doi/full/10.1056/NEJMp2006376,The New England Journal of Medicine
156,4,"Age, Complexity, and Crisis ‚ A Prescription for Progress in Pandemic",2020,4,https://www.nejm.org/doi/full/10.1056/NEJMp2006115,The New England Journal of Medicine
157,4,Novel Coronavirus and Old Lessons ‚ Preparing the Health System for the Pandemic,2020,3,https://www.nejm.org/doi/full/10.1056/NEJMp2005118,The New England Journal of Medicine
158,4,Not a Perfect Storm ‚ Covid-19 and the Importance of Language,2020,4,https://www.nejm.org/doi/full/10.1056/NEJMp2005032,The New England Journal of Medicine
159,1,Between Scylla and Charybdis ‚ Oncologic Decision Making in the Time of Covid-19,2020,4,https://www.nejm.org/doi/full/10.1056/NEJMp2006588,The New England Journal of Medicine
160,4,Flattening the Curve for Incarcerated Populations ‚ Covid-19 in Jails and Prisons,2020,4,https://www.nejm.org/doi/full/10.1056/NEJMp2005687,The New England Journal of Medicine
161,4,"Facing Covid-19 in Italy ‚ Ethics, Logistics, and Therapeutics on the Epidemic‚Äôs Front Line",2020,3,https://www.nejm.org/doi/full/10.1056/NEJMp2005492,The New England Journal of Medicine
162,4,History of Medicine: A National Medical Response to Crisis ‚ The Legacy of World War II,2020,4,https://www.nejm.org/doi/full/10.1056/NEJMp2008512,The New England Journal of Medicine
163,4,Covid-19 ‚ A Reminder to Reason,2020,4,https://www.nejm.org/doi/full/10.1056/NEJMp2009405,The New England Journal of Medicine
164,4,They Call Us and We Go,2020,4,https://www.nejm.org/doi/full/10.1056/NEJMp2009027,The New England Journal of Medicine
165,6,Defining the Epidemiology of Covid-19 ‚ Studies Needed,2020,3,https://www.nejm.org/doi/full/10.1056/NEJMp2002125,The New England Journal of Medicine
166,1,Covid-19 ‚ The Search for Effective Therapy,2020,3,https://www.nejm.org/doi/full/10.1056/NEJMe2005477,The New England Journal of Medicine
167,6,Escaping Pandora‚Äôs Box ‚ Another Novel Coronavirus,2020,4,https://www.nejm.org/doi/full/10.1056/NEJMp2002106,The New England Journal of Medicine
168,6,Am I Part of the Cure or Am I Part of the Disease? Keeping Coronavirus Out When a Doctor Comes Home,2020,4,https://www.nejm.org/doi/full/10.1056/NEJMp2004768,The New England Journal of Medicine
169,1,Paying for Medicaid ‚ State Budgets and the Case for Expansion in the Time of Coronavirus,2020,3,https://www.nejm.org/doi/full/10.1056/NEJMp2007124,The New England Journal of Medicine
170,1,The Untold Toll ‚ The Pandemic‚Äôs Effects on Patients without Covid-19,2020,4,https://www.nejm.org/doi/full/10.1056/NEJMms2009984,The New England Journal of Medicine
171,1,Ten Weeks to Crush the Curve,2020,4,https://www.nejm.org/doi/full/10.1056/NEJMe2007263,The New England Journal of Medicine
172,1,"Physician Burnout, Interrupted",2020,5,https://www.nejm.org/doi/full/10.1056/NEJMp2003149,The New England Journal of Medicine
173,1,Covid-19 and the Stiff Upper Lip ‚ The Pandemic Response in the United Kingdom,2020,4,https://www.nejm.org/doi/full/10.1056/NEJMp2005755,The New England Journal of Medicine
174,4,Creating a Framework for Conducting Randomized Clinical Trials during Disease Outbreaks,2020,4,https://www.nejm.org/doi/full/10.1056/NEJMsb1905390,The New England Journal of Medicine
175,1,A Shift on the Front Line,2020,4,https://www.nejm.org/doi/full/10.1056/NEJMp2007028,The New England Journal of Medicine
176,1,The Toughest Triage ‚ Allocating Ventilators in a Pandemic,2020,3,https://www.nejm.org/doi/full/10.1056/NEJMp2005689,The New England Journal of Medicine
177,1,Rural Matters ‚ Coronavirus and the Navajo Nation,2020,4,https://www.nejm.org/doi/full/10.1056/NEJMp2012114,The New England Journal of Medicine
178,5,Developing Covid-19 Vaccines at Pandemic Speed,2020,3,https://www.nejm.org/doi/full/10.1056/NEJMp2005630,The New England Journal of Medicine
179,5,Clinical Characteristics of Covid-19 in China,2020,3,https://www.nejm.org/doi/full/10.1056/NEJMc2005203,The New England Journal of Medicine
180,4,Universal Screening for SARS-CoV-2 in Women Admitted for Delivery,2020,4,https://www.nejm.org/doi/full/10.1056/NEJMc2009316,The New England Journal of Medicine
181,1,A Trial of Lopinavir‚ÄìRitonavir in Covid-19,2020,5,https://www.nejm.org/doi/full/10.1056/NEJMc2008043,The New England Journal of Medicine
182,1,Covid-19 Notes: Adaptations and Lessons in the Province of Bergamo,2020,5,https://www.nejm.org/doi/full/10.1056/NEJMc2011599,The New England Journal of Medicine
183,1,First Case of Covid-19 in the United States,2020,4,https://www.nejm.org/doi/full/10.1056/NEJMc2004794,The New England Journal of Medicine
184,1,Covid-19 in South Korea ‚ Challenges of Subclinical Manifestations,2020,4,https://www.nejm.org/doi/full/10.1056/NEJMc2001801,The New England Journal of Medicine
185,1,Out-of-Hospital Cardiac Arrest during the Covid-19 Outbreak in Italy,2020,4,https://www.nejm.org/doi/full/10.1056/NEJMc2010418,The New England Journal of Medicine
186,1,"Clinical Characteristics of Pregnant Women with Covid-19 in Wuhan, China",2020,4,https://www.nejm.org/doi/full/10.1056/NEJMc2009226,The New England Journal of Medicine
187,5,Covid-19 Cases: An Uncomplicated Delivery in a Patient with Covid-19 in the United States,2020,4,https://www.nejm.org/doi/full/10.1056/NEJMc2007605,The New England Journal of Medicine
188,1,Epidemiology of Covid-19,2020,3,https://www.nejm.org/doi/full/10.1056/NEJMc2005157,The New England Journal of Medicine
189,1,Covid-19 Cases: Large-Vessel Stroke as a Presenting Feature of Covid-19 in the Young,2020,4,https://www.nejm.org/doi/full/10.1056/NEJMc2009787,The New England Journal of Medicine
190,1,ST-Segment Elevation in Patients with Covid-19 ‚ A Case Series,2020,4,https://www.nejm.org/doi/full/10.1056/NEJMc2009020,The New England Journal of Medicine
191,1,Death from Covid-19 of 23 Health Care Workers in China,2020,4,https://www.nejm.org/doi/full/10.1056/NEJMc2005696,The New England Journal of Medicine
192,5,"Detection of Covid-19 in Children in Early January 2020 in Wuhan, China",2020,4,https://www.nejm.org/doi/full/10.1056/NEJMc2003717,The New England Journal of Medicine
193,1,Covid-19 Notes: From a Sprint to a Marathon in Hong Kong,2020,4,https://www.nejm.org/doi/full/10.1056/NEJMc2009790,The New England Journal of Medicine
194,7,Reduced Rate of Hospital Admissions for ACS during Covid-19 Outbreak in Northern Italy,2020,4,https://www.nejm.org/doi/full/10.1056/NEJMc2009166,The New England Journal of Medicine
195,6,Covid-19 Cases: Coagulopathy and Antiphospholipid Antibodies in Patients with Covid-19,2020,4,https://www.nejm.org/doi/full/10.1056/NEJMc2007575,The New England Journal of Medicine
196,7,"SARS-CoV-2 Infection among Travelers Returning from Wuhan, China",2020,4,https://www.nejm.org/doi/full/10.1056/NEJMc2003100,The New England Journal of Medicine
197,5,Covid-19 and Kidney Transplantation,2020,4,https://www.nejm.org/doi/full/10.1056/NEJMc2011117,The New England Journal of Medicine
198,6,Covid-19 Notes: Staying Ahead of the Wave,2020,4,https://www.nejm.org/doi/full/10.1056/NEJMc2009409,The New England Journal of Medicine
199,1,Covid-19 in Immune-Mediated Inflammatory Diseases ‚ Case Series from New York,2020,4,https://www.nejm.org/doi/full/10.1056/NEJMc2009567,The New England Journal of Medicine
200,4,Covid-19 Notes: Cancer Management in India during Covid-19,2020,4,https://www.nejm.org/doi/full/10.1056/NEJMc2011595,The New England Journal of Medicine
201,6,Stability and Viability of SARS-CoV-2,2020,4,https://www.nejm.org/doi/full/10.1056/NEJMc2007942,The New England Journal of Medicine
202,5,Early Detection of Covid-19 through a Citywide Pandemic Surveillance Platform,2020,5,https://www.nejm.org/doi/full/10.1056/NEJMc2008646,The New England Journal of Medicine
203,5,Covid-19 Cases: Immune Thrombocytopenic Purpura in a Patient with Covid-19,2020,4,https://www.nejm.org/doi/full/10.1056/NEJMc2010472,The New England Journal of Medicine
204,5,Covid-19 Notes: Transforming ORs into ICUs,2020,4,https://www.nejm.org/doi/full/10.1056/NEJMc2010853,The New England Journal of Medicine
205,5,Lupus Anticoagulant and Abnormal Coagulation Tests in Patients with Covid-19,2020,5,https://www.nejm.org/doi/full/10.1056/NEJMc2013656,The New England Journal of Medicine
206,1,Children with Covid-19 in Pediatric Emergency Departments in Italy,2020,5,https://www.nejm.org/doi/full/10.1056/NEJMc2007617,The New England Journal of Medicine
207,5,Covid-19 Cases: Late-Onset Neonatal Sepsis in a Patient with Covid-19,2020,4,https://www.nejm.org/doi/full/10.1056/NEJMc2010614,The New England Journal of Medicine
208,5,Guillain‚ÄìBarr√© Syndrome Associated with SARS-CoV-2,2020,4,https://www.nejm.org/doi/full/10.1056/NEJMc2009191,The New England Journal of Medicine
209,1,Clinical Characteristics of Covid-19 in New York City,2020,4,https://www.nejm.org/doi/full/10.1056/NEJMc2010419,The New England Journal of Medicine
210,6,Covid-19 Notes: French Pandemic Resistance,2020,4,https://www.nejm.org/doi/full/10.1056/NEJMc2010122,The New England Journal of Medicine
211,5,Journey of a Thai Taxi Driver and Novel Coronavirus,2020,3,https://www.nejm.org/doi/full/10.1056/NEJMc2001621,The New England Journal of Medicine
212,5,Covid-19 Notes: In Pursuit of PPE,2020,4,https://www.nejm.org/doi/full/10.1056/NEJMc2010025,The New England Journal of Medicine
213,5,Allocating Medical Resources in the Time of Covid-19,2020,4,https://www.nejm.org/doi/full/10.1056/NEJMc2009666,The New England Journal of Medicine
214,5,A Locally Transmitted Case of SARS-CoV-2 Infection in Taiwan,2020,3,https://www.nejm.org/doi/full/10.1056/NEJMc2001573,The New England Journal of Medicine
215,5,Neurologic Features in Severe SARS-CoV-2 Infection,2020,4,https://www.nejm.org/doi/full/10.1056/NEJMc2008597,The New England Journal of Medicine
216,5,Visualizing Speech-Generated Oral Fluid Droplets with Laser Light Scattering,2020,4,https://www.nejm.org/doi/full/10.1056/NEJMc2007800,The New England Journal of Medicine
217,4,"Evidence of SARS-CoV-2 Infection in Returning Travelers from Wuhan, China",2020,3,https://www.nejm.org/doi/full/10.1056/NEJMc2001899,The New England Journal of Medicine
218,5,SARS-CoV-2 Viral Load in Upper Respiratory Specimens of Infected Patients,2020,3,https://www.nejm.org/doi/full/10.1056/NEJMc2001737,The New England Journal of Medicine
219,1,Responding to the COVID-19 outbreak in Singapore: Staff Protection and Staff Temperature and Sickness Surveillance Systems,2020,4,https://academic.oup.com/cid/advance-article/doi/10.1093/cid/ciaa468/5823245?searchresult=1,Clinical Infectious Diseases
220,5,The characteristics of household transmission of COVID-19,2020,4,https://academic.oup.com/cid/advance-article/doi/10.1093/cid/ciaa450/5821281?searchresult=1,Clinical Infectious Diseases
221,4,SARS-CoV-2 infection (COVID-19) in febrile infants without respiratory distress,2020,4,https://academic.oup.com/cid/advance-article/doi/10.1093/cid/ciaa452/5821305?searchresult=1,Clinical Infectious Diseases
222,7,The changing patter of COVID-19 in China: A tempo-geographic analysis of the SARS-CoV-2 epidemic,2020,4,https://academic.oup.com/cid/advance-article/doi/10.1093/cid/ciaa423/5820681?searchresult=1,Clinical Infectious Diseases
223,4,Importance of inclusion of pregnant and breastfeeding women in COVID-19 therapeutic trials,2020,4,https://academic.oup.com/cid/advance-article/doi/10.1093/cid/ciaa444/5820683?searchresult=1,Clinical Infectious Diseases
224,5,Olfactory and Gustatory Dysfunction in Coronavirus Disease 19 (COVID-19),2020,5,https://academic.oup.com/cid/advance-article/doi/10.1093/cid/ciaa525/5827752?searchresult=1,Clinical Infectious Diseases
225,4,"Cluster of coronavirus disease 2019 (Covid-19) in the French Alps, 2020",2020,4,https://academic.oup.com/cid/advance-article/doi/10.1093/cid/ciaa424/5819060?searchresult=1,Clinical Infectious Diseases
226,7,Early detection of SARS-CoV-2 antibodies in COVID-19 patients as a serologic marker of infection,2020,5,https://academic.oup.com/cid/advance-article/doi/10.1093/cid/ciaa523/5827750?searchresult=1,Clinical Infectious Diseases
227,5,Factors associated with prolonged viral RNA shedding in patients with COVID-19,2020,4,https://academic.oup.com/cid/advance-article/doi/10.1093/cid/ciaa351/5818308?searchresult=1,Clinical Infectious Diseases
228,6,PCR Assays Turned Positive in 25 Discharged COVID-19 Patients,2020,4,https://academic.oup.com/cid/advance-article/doi/10.1093/cid/ciaa398/5817588?searchresult=1,Clinical Infectious Diseases
229,4,Towards Optimization of Hydroxychloroquine Dosing in Intensive Care Unit COVID-19 Patients,2020,4,https://academic.oup.com/cid/advance-article/doi/10.1093/cid/ciaa394/5816960?searchresult=1,Clinical Infectious Diseases
230,5,Early risk factors for the duration of SARS-CoV-2 viral positivity in COVID-19 patients,2020,4,https://academic.oup.com/cid/advance-article/doi/10.1093/cid/ciaa490/5825508?searchresult=1,Clinical Infectious Diseases
231,6,"First Mildly Ill, Non-Hospitalized Case of Coronavirus Disease 2019 (COVID-19) Without Viral Transmission in the United States ‚ Maricopa County, Arizona, 2020",2020,4,https://academic.oup.com/cid/advance-article/doi/10.1093/cid/ciaa374/5815221?searchresult=1,Clinical Infectious Diseases
232,5,SARS-CoV-2 Is Not Detectable in the Vaginal Fluid of Women With Severe COVID-19 Infection,2020,4,https://academic.oup.com/cid/advance-article/doi/10.1093/cid/ciaa375/5815295?searchresult=1,Clinical Infectious Diseases
233,1,First reported nosocomial outbreak of severe acute respiratory syndrome coronavirus 2 (SARS-CoV-2) in a pediatric dialysis unit,2020,4,https://academic.oup.com/cid/advance-article/doi/10.1093/cid/ciaa491/5825509?searchresult=1,Clinical Infectious Diseases
234,1,Down-regulated gene expression spectrum and immune responses changed during the disease progression in COVID-19 patients,2020,4,https://academic.oup.com/cid/advance-article/doi/10.1093/cid/ciaa462/5822600?searchresult=1,Clinical Infectious Diseases
235,1,Profile of RT-PCR for SARS-CoV-2: a preliminary study from 56 COVID-19 patients,2020,4,https://academic.oup.com/cid/advance-article/doi/10.1093/cid/ciaa460/5822175?searchresult=1,Clinical Infectious Diseases
236,5,"A Tool to Early Predict Severe Corona Virus Disease 2019 (COVID-19) : A Multicenter Study using the Risk Nomogram in Wuhan and Guangdong, China",2020,4,https://academic.oup.com/cid/advance-article/doi/10.1093/cid/ciaa443/5820684?searchresult=1,Clinical Infectious Diseases
237,4,Detectable serum SARS-CoV-2 viral load (RNAaemia) is closely correlated with drastically elevated interleukin 6 (IL-6) level in critically ill COVID-19 patients,2020,4,https://academic.oup.com/cid/advance-article/doi/10.1093/cid/ciaa449/5821311?searchresult=1,Clinical Infectious Diseases
238,4,Simulation of the clinical and pathological manifestations of Coronavirus Disease 2019 (COVID-19) in golden Syrian hamster model: implications for disease pathogenesis and transmissibility,2020,3,https://academic.oup.com/cid/advance-article/doi/10.1093/cid/ciaa325/5811871?searchresult=1,Clinical Infectious Diseases
239,6,Is There an Association Between COVID-19 Mortality and the Renin-Angiotensin System‚a Call for Epidemiologic Investigations,2020,3,https://academic.oup.com/cid/advance-article/doi/10.1093/cid/ciaa329/5811880?searchresult=1,Clinical Infectious Diseases
240,5,Analysis of Epidemiological and Clinical Features in Older Patients With Coronavirus Disease 2019 (COVID-19) Outside Wuhan,2020,3,https://academic.oup.com/cid/advance-article/doi/10.1093/cid/ciaa242/5811557?searchresult=1,Clinical Infectious Diseases
241,5,COVID-19 Transmission Within a Family Cluster by Presymptomatic Carriers in China,2020,3,https://academic.oup.com/cid/advance-article/doi/10.1093/cid/ciaa316/5810900?searchresult=1,Clinical Infectious Diseases
242,1,Comparative replication and immune activation profiles of SARS-CoV-2 and SARS-CoV in human lungs: an ex vivo study with implications for the pathogenesis of COVID-19,2020,4,https://academic.oup.com/cid/advance-article/doi/10.1093/cid/ciaa410/5818134?searchresult=1,Clinical Infectious Diseases
243,1,Profiling Early Humoral Response to Diagnose Novel Coronavirus Disease (COVID-19),2020,3,https://academic.oup.com/cid/advance-article/doi/10.1093/cid/ciaa310/5810754?searchresult=1,Clinical Infectious Diseases
244,1,"Clinical characteristics of refractory COVID-19 pneumonia in Wuhan, China",2020,3,https://academic.oup.com/cid/advance-article/doi/10.1093/cid/ciaa270/5805508?searchresult=1,Clinical Infectious Diseases
245,1,Epidemiological and Clinical Predictors of COVID-19,2020,3,https://academic.oup.com/cid/advance-article/doi/10.1093/cid/ciaa322/5811426?searchresult=1,Clinical Infectious Diseases
246,1,Clinical Characteristics of Imported Cases of Coronavirus Disease 2019 (COVID-19) in Jiangsu Province: A Multicenter Descriptive Study,2020,2,https://academic.oup.com/cid/advance-article/doi/10.1093/cid/ciaa199/5766408?searchresult=1,Clinical Infectious Diseases
247,5,Protecting Healthcare Workers During the Coronavirus Disease 2019 (COVID-19) Outbreak: Lessons From Taiwan‚Äôs Severe Acute Respiratory Syndrome Response,2020,3,https://academic.oup.com/cid/advance-article/doi/10.1093/cid/ciaa255/5804239?searchresult=1,Clinical Infectious Diseases
248,5,"Dysregulation of Immune Response in Patients With Coronavirus 2019 (COVID-19) in Wuhan, China",2020,3,https://academic.oup.com/cid/advance-article/doi/10.1093/cid/ciaa248/5803306?searchresult=1,Clinical Infectious Diseases
249,5,"Clinical and laboratory predictors of in-hospital mortality in patients with COVID-19: a cohort study in Wuhan, China",2020,5,https://academic.oup.com/cid/advance-article/doi/10.1093/cid/ciaa538/5828281?searchresult=1,Clinical Infectious Diseases
250,1,"Risk Factors Associated with Clinical Outcomes in 323 COVID-19 Hospitalized Patients in Wuhan, China",2020,5,https://academic.oup.com/cid/advance-article/doi/10.1093/cid/ciaa539/5828282?searchresult=1,Clinical Infectious Diseases
251,6,Bacterial and fungal co-infection in individuals with coronavirus: A rapid review to support COVID-19 antimicrobial prescribing,2020,5,https://academic.oup.com/cid/advance-article/doi/10.1093/cid/ciaa530/5828058?searchresult=1,Clinical Infectious Diseases
252,4,Evaluation of COVID-19 RT-qPCR test in multi-sample pools,2020,5,https://academic.oup.com/cid/advance-article/doi/10.1093/cid/ciaa531/5828059?searchresult=1,Clinical Infectious Diseases
253,4,"COVID-19, superinfections and antimicrobial development: What can we expect?",2020,5,https://academic.oup.com/cid/advance-article/doi/10.1093/cid/ciaa524/5828436?searchresult=1,Clinical Infectious Diseases
254,4,Diagnosis and Management of First Case of COVID-19 in Canada: Lessons applied from SARS,2020,3,https://academic.oup.com/cid/advance-article/doi/10.1093/cid/ciaa227/5800047?searchresult=1,Clinical Infectious Diseases
255,6,Infectious Diseases Society of America Guidelines on the Treatment and Management of Patients with COVID-19,2020,4,https://academic.oup.com/cid/advance-article/doi/10.1093/cid/ciaa478/5825667?searchresult=1,Clinical Infectious Diseases
256,4,Contact tracing for COVID-19: An opportunity to reduce health disparities and End the HIV/AIDS Epidemic in the US,2020,4,https://academic.oup.com/cid/advance-article/doi/10.1093/cid/ciaa501/5825755?searchresult=1,Clinical Infectious Diseases
257,1,Computed Tomographic Imaging of 3 Patients With Coronavirus Disease 2019 Pneumonia With Negative Virus Real-time Reverse-Transcription Polymerase Chain Reaction Test,2020,3,https://academic.oup.com/cid/advance-article/doi/10.1093/cid/ciaa207/5814104?searchresult=1,Clinical Infectious Diseases
258,1,A Case of 2019 Novel Coronavirus in a Pregnant Woman With Preterm Delivery,2020,2,https://academic.oup.com/cid/advance-article/doi/10.1093/cid/ciaa200/5771323?searchresult=1,Clinical Infectious Diseases
259,6,Spotlight on Jails: COVID-19 Mitigation Policies Needed Now,2020,3,https://academic.oup.com/cid/advance-article/doi/10.1093/cid/ciaa346/5812998?searchresult=1,Clinical Infectious Diseases
260,1,Could Chloroquine /Hydroxychloroquine Be Harmful in Coronavirus Disease 2019 (COVID-19) Treatment?,2020,3,https://academic.oup.com/cid/advance-article/doi/10.1093/cid/ciaa321/5811416?searchresult=1,Clinical Infectious Diseases
261,1,Early Virus Clearance and Delayed Antibody Response in a Case of Coronavirus Disease 2019 (COVID-19) With a History of Coinfection With Human Immunodeficiency Virus Type 1 and Hepatitis C Virus,2020,4,https://academic.oup.com/cid/advance-article/doi/10.1093/cid/ciaa408/5818121?searchresult=1,Clinical Infectious Diseases
262,6,The COVID-19 Pandemic: We Are All in This Together,2020,4,https://academic.oup.com/cid/advance-article/doi/10.1093/cid/ciaa369/5814957?searchresult=1,Clinical Infectious Diseases
263,1,Gargle Lavage as a Safe and Sensitive Alternative to Swab Samples to Diagnose COVID-19: A Case Report in Japan,2020,4,https://academic.oup.com/cid/advance-article/doi/10.1093/cid/ciaa377/5815296?searchresult=1,Clinical Infectious Diseases
264,6,Predictors of Refractory Coronavirus Disease (COVID-19) Pneumonia,2020,4,https://academic.oup.com/cid/advance-article/doi/10.1093/cid/ciaa409/5818313?searchresult=1,Clinical Infectious Diseases
265,6,Albert Camus‚Äô The Plague Revisited for COVID-19,2020,4,https://academic.oup.com/cid/advance-article/doi/10.1093/cid/ciaa454/5821271?searchresult=1,Clinical Infectious Diseases
266,1,New Measures for the Coronavirus Disease 2019 Response: A Lesson From the Wenzhou Experience,2020,4,https://academic.oup.com/cid/advance-article/5815716?searchresult=1,Clinical Infectious Diseases
267,1,A Novel Approach for a Novel Pathogen: using a home assessment team to evaluate patients for 2019 novel coronavirus (SARS-CoV-2),2020,3,https://academic.oup.com/cid/advance-article/doi/10.1093/cid/ciaa256/5804257?searchresult=1,Clinical Infectious Diseases
268,1,Effect of throat washings on detection of 2019 novel coronavirus,2020,4,https://academic.oup.com/cid/advance-article/doi/10.1093/cid/ciaa416/5818370?searchresult=1,Clinical Infectious Diseases
269,1,Genomic Diversity of Severe Acute Respiratory Syndrome‚ÄìCoronavirus 2 in Patients With Coronavirus Disease 2019,2020,3,https://academic.oup.com/cid/advance-article/doi/10.1093/cid/ciaa203/5780800?searchresult=1,Clinical Infectious Diseases
270,1,Consistent Detection of 2019 Novel Coronavirus in Saliva,2020,2,https://academic.oup.com/cid/advance-article/doi/10.1093/cid/ciaa149/5734265?searchresult=1,Clinical Infectious Diseases
271,4,Profile of IgG and IgM antibodies against severe acute respiratory syndrome coronavirus 2 (SARS-CoV-2),2020,4,https://academic.oup.com/cid/advance-article/doi/10.1093/cid/ciaa489/5825506?searchresult=1,Clinical Infectious Diseases
272,1,A Glimpse Into the Origins of Genetic Diversity in the Severe Acute Respiratory Syndrome Coronavirus 2,2020,3,https://academic.oup.com/cid/advance-article/doi/10.1093/cid/ciaa213/5780151?searchresult=1,Clinical Infectious Diseases
273,1,Sequential Analysis of Viral Load in a Neonate and Her Mother Infected With Severe Acute Respiratory Syndrome Coronavirus 2,2020,4,https://academic.oup.com/cid/advance-article/doi/10.1093/cid/ciaa447/5820869?searchresult=1,Clinical Infectious Diseases
274,1,Nonpharmaceutical Interventions and Epidemic Intensity During the 2019 Novel Coronavirus Disease Pandemic,2020,4,https://academic.oup.com/cid/advance-article/doi/10.1093/cid/ciaa432/5819528?searchresult=1,Clinical Infectious Diseases
275,1,De-isolating Coronavirus Disease 2019 Suspected Cases: A Continuing Challenge,2020,2,https://academic.oup.com/cid/advance-article/5758073?searchresult=1,Clinical Infectious Diseases
276,5,Disparities in Age-specific Morbidity and Mortality From SARS-CoV-2 in China and the Republic of Korea,2020,3,https://academic.oup.com/cid/advance-article/doi/10.1093/cid/ciaa354/5813861?searchresult=1,Clinical Infectious Diseases
277,5,Is Hydroxychloroquine a Possible Postexposure Prophylaxis Drug to Limit the Transmission to Healthcare Workers Exposed to Coronavirus Disease 2019?,2020,3,https://academic.oup.com/cid/advance-article/doi/10.1093/cid/ciaa320/5811417?searchresult=1,Clinical Infectious Diseases
278,1,Self-reported Olfactory and Taste Disorders in Patients With Severe Acute Respiratory Coronavirus 2 Infection: A Cross-sectional Study,2020,3,https://academic.oup.com/cid/advance-article/doi/10.1093/cid/ciaa330/5811989?searchresult=1,Clinical Infectious Diseases
279,1,In Vitro Antiviral Activity and Projection of Optimized Dosing Design of Hydroxychloroquine for the Treatment of Severe Acute Respiratory Syndrome Coronavirus 2 (SARS-CoV-2),2020,3,https://academic.oup.com/cid/advance-article/doi/10.1093/cid/ciaa237/5801998?searchresult=1,Clinical Infectious Diseases
280,1,Origin and Evolution of the 2019 Novel Coronavirus,2020,2,https://academic.oup.com/cid/advance-article/doi/10.1093/cid/ciaa112/5721420?searchresult=1,Clinical Infectious Diseases
281,1,Measles Seroprevalence and Vaccine Responses in Human Immunodeficiency Virus‚Äìinfected Adolescents and Adults: A Systematic Review,2018,11,https://academic.oup.com/cid/article/69/5/836/5188002?searchresult=1,Clinical Infectious Diseases
282,1,"Rapid Tests for Influenza, Respiratory Syncytial Virus, and Other Respiratory Viruses: A Systematic Review and Meta-analysis",2017,5,https://academic.oup.com/cid/article/65/6/1026/3829590?searchresult=1,Clinical Infectious Diseases
283,1,The Impact of Clinical Decision Support Alerts on Clostridioides difficile Testing: A Systematic Review,2020,2,https://academic.oup.com/cid/advance-article/doi/10.1093/cid/ciaa152/5736364?searchresult=1,Clinical Infectious Diseases
284,5,Global Typhoid Fever Incidence: A Systematic Review and Meta-analysis,2019,3,https://academic.oup.com/cid/article/68/Supplement_2/S105/5371236?searchresult=1,Clinical Infectious Diseases
285,1,"Efficacy of Antitoxin Therapy in Treating Patients With Foodborne Botulism: A Systematic Review and Meta-analysis of Cases, 1923‚Äì2016",2017,12,https://academic.oup.com/cid/article/66/suppl_1/S43/4780424?searchresult=1,Clinical Infectious Diseases
286,1,Epidemiologic Features and Clinical Course of Patients Infected With SARS-CoV-2 in Singapore,2020,4,https://jamanetwork.com/journals/jama/fullarticle/2762688?resultClick=1,JAMA
287,4,Severe Acute Respiratory Syndrome Coronavirus 2 (SARS-CoV-2) Infection in Children and Adolescents: A Systematic Review,2020,4,https://jamanetwork.com/journals/jamapediatrics/fullarticle/2765169?resultClick=1,JAMA
288,5,Potential Effects of Coronaviruses on the Cardiovascular System: A Review,2020,3,https://jamanetwork.com/journals/jamacardiology/fullarticle/2763846?resultClick=1,JAMA
289,4,"Baseline Characteristics and Outcomes of 1591 Patients Infected With SARS-CoV-2 Admitted to ICUs of the Lombardy Region, Italy",2020,4,https://jamanetwork.com/journals/jama/fullarticle/2764365?resultClick=1,JAMA
290,4,"Neurologic Manifestations of Hospitalized Patients With Coronavirus Disease 2019 in Wuhan, China",2020,4,https://jamanetwork.com/journals/jamaneurology/fullarticle/2764549?resultClick=1,JAMA
291,4,Child Abuse Awareness Month During the Coronavirus Disease 2019 Pandemic,2020,4,https://jamanetwork.com/journals/jamapediatrics/fullarticle/2765195?resultClick=1,JAMA
292,5,Logistics of Aggressive Community Screening for Coronavirus 2019,2020,5,https://jamanetwork.com/channels/health-forum/fullarticle/2765693?resultClick=1,JAMA
293,4,Ophthalmology After Coronavirus Disease 2019 (COVID-19): Transition Back to Patient Care,2020,5,https://jamanetwork.com/journals/jamaophthalmology/fullarticle/2765643?resultClick=1,JAMA
294,7,The Potential Effects of Coronavirus on National Health Expenditures,2020,4,https://jamanetwork.com/journals/jama/fullarticle/2765381?resultClick=1,JAMA
295,5,"Hydroxychloroquine, Coronavirus Disease 2019, and QT Prolongation",2020,5,https://jamanetwork.com/journals/jamacardiology/fullarticle/2765632?resultClick=1,JAMA
296,4,Masks and Coronavirus Disease 2019 (COVID-19),2020,4,https://jamanetwork.com/journals/jama/fullarticle/2764955?resultClick=1,JAMA
297,5,Assessment of QT Intervals in a Case Series of Patients With Coronavirus Disease 2019 (COVID-19) Infection Treated With Hydroxychloroquine Alone or in Combination With Azithromycin in an Intensive Care Unit,2020,5,https://jamanetwork.com/journals/jamacardiology/fullarticle/2765633?resultClick=1,JAMA
298,6,Understanding Observational Treatment Comparisons in the Setting of Coronavirus Disease 2019 (COVID-19),2020,5,https://jamanetwork.com/journals/jamacardiology/fullarticle/2765694?resultClick=1,JAMA
299,5,Rapid Development of Resident-Led Procedural Response Teams to Support Patient Care During the Coronavirus Disease 2019 Epidemic: A Surgical Workforce Activation Team,2020,4,https://jamanetwork.com/journals/jamasurgery/fullarticle/2765611?resultClick=1,JAMA
300,1,"Air, Surface Environmental, and Personal Protective Equipment Contamination by Severe Acute Respiratory Syndrome Coronavirus 2 (SARS-CoV-2) From a Symptomatic Patient",2020,4,https://jamanetwork.com/journals/jama/fullarticle/2762692?resultClick=1,JAMA
301,1,"To Face Coronavirus Disease 2019, Surgeons Must Embrace Palliative Care",2020,4,https://jamanetwork.com/journals/jamasurgery/fullarticle/2765182?resultClick=1,JAMA
302,1,Mental Health in the Coronavirus Disease 2019 Emergency‚The Italian Response,2020,4,https://jamanetwork.com/journals/jamapsychiatry/fullarticle/2765557?resultClick=1,JAMA
303,5,Association of Use of Angiotensin-Converting Enzyme Inhibitors and Angiotensin II Receptor Blockers With Testing Positive for Coronavirus Disease 2019 (COVID-19),2020,5,https://jamanetwork.com/journals/jamacardiology/fullarticle/2765695?resultClick=1,JAMA
304,4,Caution Needed on the Use of Chloroquine and Hydroxychloroquine for Coronavirus Disease 2019,2020,4,https://jamanetwork.com/journals/jamanetworkopen/fullarticle/2765500?resultClick=1,JAMA
305,4,The Coronavirus Disease 2019 Crisis as Catalyst for Telemedicine for Chronic Neurological Disorders,2020,4,https://jamanetwork.com/journals/jamaneurology/fullarticle/2765073?resultClick=1,JAMA
306,6,"Mental Health Status Among Children in Home Confinement During the Coronavirus Disease 2019 Outbreak in Hubei Province, China",2020,4,https://jamanetwork.com/journals/jamapediatrics/fullarticle/2765196?resultClick=1,JAMA
307,5,Risk of QT Interval Prolongation Associated With Use of Hydroxychloroquine With or Without Concomitant Azithromycin Among Hospitalized Patients Testing Positive for Coronavirus Disease 2019 (COVID-19),2020,5,https://jamanetwork.com/journals/jamacardiology/fullarticle/2765631?resultClick=1,JAMA
308,5,Twentieth-Century Lessons for a Modern Coronavirus Pandemic,2020,4,https://jamanetwork.com/journals/jama/fullarticle/2765379?resultClick=1,JAMA
309,1,"Epidemiological Assessment of Imported Coronavirus Disease 2019 (COVID-19) Cases in the Most Affected City Outside of Hubei Province, Wenzhou, China",2020,4,https://jamanetwork.com/journals/jamanetworkopen/fullarticle/2764905?resultClick=1,JAMA
310,1,Clinical Characteristics of Patients Who Died of Coronavirus Disease 2019 in China,2020,4,https://jamanetwork.com/journals/jamanetworkopen/fullarticle/2764293?resultClick=1,JAMA
311,1,Joint International Collaboration to Combat Mental Health Challenges During the Coronavirus Disease 2019 Pandemic,2020,4,https://jamanetwork.com/journals/jamapsychiatry/fullarticle/2764583?resultClick=1,JAMA
312,1,Testing Individuals for Coronavirus Disease 2019 (COVID-19),2020,4,https://jamanetwork.com/journals/jama/fullarticle/2764238?resultClick=1,JAMA
313,1,"Association of Renin-Angiotensin System Inhibitors With Severity or Risk of Death in Patients With Hypertension Hospitalized for Coronavirus Disease 2019 (COVID-19) Infection in Wuhan, China",2020,4,https://jamanetwork.com/journals/jamacardiology/fullarticle/2765049?resultClick=1,JAMA
314,5,Effect of High vs Low Doses of Chloroquine Diphosphate as Adjunctive Therapy for Patients Hospitalized With Severe Acute Respiratory Syndrome Coronavirus 2 (SARS-CoV-2) Infection: A Randomized Clinical Trial,2020,4,https://jamanetwork.com/journals/jamanetworkopen/fullarticle/2765499?resultClick=1,JAMA
315,5,Potential Shortages of Hydroxychloroquine for Patients with Lupus During the Coronavirus Disease 2019 Pandemic,2020,4,https://jamanetwork.com/channels/health-forum/fullarticle/2764607?resultClick=1,JAMA
316,5,Suicide Mortality and Coronavirus Disease 2019‚A Perfect Storm?,2020,4,https://jamanetwork.com/journals/jamapsychiatry/fullarticle/2764584?resultClick=1,JAMA
317,1,Cultivating Deliberate Resilience During the Coronavirus Disease 2019 Pandemic,2020,4,https://jamanetwork.com/journals/jamapediatrics/fullarticle/2764729?resultClick=1,JAMA
318,6,Coronavirus Disease 2019 (COVID-19) and Mental Health for Children and Adolescents,2020,4,https://jamanetwork.com/journals/jamapediatrics/fullarticle/2764730?resultClick=1,JAMA
319,4,"Screening and Severity of Coronavirus Disease 2019 (COVID-19) in Children in Madrid, Spain",2020,4,https://jamanetwork.com/journals/jamapediatrics/fullarticle/2764394?resultClick=1,JAMA
320,4,Finding Ways to Reduce Coronavirus Exposure During Dialysis,2020,4,https://jamanetwork.com/journals/jama/fullarticle/2764821?resultClick=1,JAMA
321,4,Novel Coronavirus Infection in Hospitalized Infants Under 1 Year of Age in China,2020,4,https://jamanetwork.com/journals/jama/fullarticle/2761659?resultClick=1,JAMA
322,6,The Spectrum of Neurologic Disease in the Severe Acute Respiratory Syndrome Coronavirus 2 Pandemic Infection: Neurologists Move to the Frontlines,2020,4,https://jamanetwork.com/journals/jamaneurology/fullarticle/2764548?resultClick=1,JAMA
323,4,Digitate Papulosquamous Eruption Associated With Severe Acute Respiratory Syndrome Coronavirus 2 Infection,2020,4,https://jamanetwork.com/journals/jamadermatology/fullarticle/2765613?resultClick=1,JAMA
324,1,Petechial Skin Rash Associated With Severe Acute Respiratory Syndrome Coronavirus 2 Infection,2020,4,https://jamanetwork.com/journals/jamadermatology/fullarticle/2765614?resultClick=1,JAMA
325,1,Coronavirus and Health Policy: A JAMA Network Interview,2020,4,https://jamanetwork.com/channels/health-forum/fullarticle/2765522?resultClick=1,JAMA
326,6,Perspectives on Coronavirus Disease 2019 Control Measures for Ophthalmology Clinics Based on a Singapore Center Experience,2020,3,https://jamanetwork.com/journals/jamaophthalmology/fullarticle/2764085?resultClick=1,JAMA
327,4,"The Dilemma of Coronavirus Disease 2019, Aging, and Cardiovascular Disease: Insights From Cardiovascular Aging Science",2020,4,https://jamanetwork.com/journals/jamacardiology/fullarticle/2764300?resultClick=1,JAMA
328,4,Coronavirus Disease 2019 and Children: What Pediatric Health Care Clinicians Need to Know,2020,4,https://jamanetwork.com/journals/jamapediatrics/fullarticle/2764248?resultClick=1,JAMA
329,4,Characteristics of and Important Lessons From the Coronavirus Disease 2019 (COVID-19) Outbreak in China: Summary of a Report of 72‚ÄØ314 Cases From the Chinese Center for Disease Control and Prevention,2020,4,https://jamanetwork.com/journals/jama/fullarticle/2762130?resultClick=1,JAMA
330,1,Emergency Restructuring of a General Surgery Residency Program During the Coronavirus Disease 2019 Pandemic: The University of Washington Experience,2020,4,https://jamanetwork.com/journals/jamasurgery/fullarticle/2764317?resultClick=1,JAMA
331,4,Exercising Heart and Head in Managing Coronavirus Disease 2019 in Wuhan,2020,3,https://jamanetwork.com/journals/jamanetworkopen/fullarticle/2763224?resultClick=1,JAMA
332,1,"Possible Transmission of Severe Acute Respiratory Syndrome Coronavirus 2 (SARS-CoV-2) in a Public Bath Center in Huai‚Äôan, Jiangsu Province, China",2020,3,https://jamanetwork.com/journals/jamanetworkopen/fullarticle/2763473?resultClick=1,JAMA
333,4,Older Clinicians and the Surge in Novel Coronavirus Disease 2019 (COVID-19),2020,3,https://jamanetwork.com/journals/jama/fullarticle/2764073?resultClick=1,JAMA
334,4,Coronavirus Disease 2019 (COVID-19) Infection and Renin Angiotensin System Blockers,2020,4,https://jamanetwork.com/journals/jamacardiology/fullarticle/2764299?resultClick=1,JAMA
335,4,What Does the Coronavirus Disease 2019 (COVID-19) Mean for Families?,2020,3,https://jamanetwork.com/journals/jamapediatrics/fullarticle/2763176?resultClick=1,JAMA
336,1,Diagnostic Testing for the Novel Coronavirus,2020,4,https://jamanetwork.com/journals/jama/fullarticle/2762951?resultClick=1,JAMA
337,4,"Characteristics of Ocular Findings of Patients With Coronavirus Disease 2019 (COVID-19) in Hubei Province, China",2020,3,https://jamanetwork.com/journals/jamaophthalmology/fullarticle/2764083?resultClick=1,JAMA
338,4,Practical Aspects of Otolaryngologic Clinical Services During the 2019 Novel Coronavirus Epidemic: An Experience in Hong Kong,2020,3,https://jamanetwork.com/journals/jamaotolaryngology/fullarticle/2763406?resultClick=1,JAMA
339,4,US Emergency Legal Responses to Novel Coronavirus: Balancing Public Health and Civil Liberties,2020,3,https://jamanetwork.com/journals/jama/fullarticle/2761556?resultClick=1,JAMA
340,4,Hospital Capacity and Operations in the Coronavirus Disease 2019 (COVID-19) Pandemic‚Planning for the Nth Patient,2020,3,https://jamanetwork.com/channels/health-forum/fullarticle/2763353?resultClick=1,JAMA
341,4,Factors Associated With Mental Health Outcomes Among Health Care Workers Exposed to Coronavirus Disease 2019,2020,3,https://jamanetwork.com/journals/jamanetworkopen/fullarticle/2763229?resultClick=1,JAMA
342,6,"Risk Factors Associated With Acute Respiratory Distress Syndrome and Death in Patients With Coronavirus Disease 2019 Pneumonia in Wuhan, China",2020,3,https://jamanetwork.com/journals/jamainternalmedicine/fullarticle/2763184?resultClick=1,JAMA
343,1,Cardiac Involvement in a Patient With Coronavirus Disease 2019 (COVID-19),2020,3,https://jamanetwork.com/journals/jamacardiology/fullarticle/2763843?resultClick=1,JAMA
344,6,Association of Coronavirus Disease 2019 (COVID-19) With Myocardial Injury and Mortality,2020,3,https://jamanetwork.com/journals/jamacardiology/fullarticle/2763844?resultClick=1,JAMA
345,6,Cardiovascular Implications of Fatal Outcomes of Patients With Coronavirus Disease 2019 (COVID-19),2020,3,https://jamanetwork.com/journals/jamacardiology/fullarticle/2763845?resultClick=1,JAMA
346,1,The Importance of Addressing Advance Care Planning and Decisions About Do-Not-Resuscitate Orders During Novel Coronavirus 2019 (COVID-19),2020,3,https://jamanetwork.com/journals/jama/fullarticle/2763952?resultClick=1,JAMA
347,1,Preserving Clinical Trial Integrity During the Coronavirus Pandemic,2020,3,https://jamanetwork.com/journals/jama/fullarticle/2763819?resultClick=1,JAMA
348,1,Preparation for Possible Sustained Transmission of 2019 Novel Coronavirus: Lessons From Previous Epidemics,2020,3,https://jamanetwork.com/journals/jama/fullarticle/2761285?resultClick=1,JAMA
349,1,Ethics Committee Reviews of Applications for Research Studies at 1 Hospital in China During the 2019 Novel Coronavirus Epidemic,2020,3,https://jamanetwork.com/journals/jama/fullarticle/2763595?resultClick=1,JAMA
350,1,Social Media and Emergency Preparedness in Response to Novel Coronavirus,2020,3,https://jamanetwork.com/journals/jama/fullarticle/2763596?resultClick=1,JAMA
351,4,2019 Novel Coronavirus‚Important Information for Clinicians,2020,3,https://jamanetwork.com/journals/jama/fullarticle/2760782?resultClick=1,JAMA
352,1,"Epidemiologic and Clinical Characteristics of Novel Coronavirus Infections Involving 13 Patients Outside Wuhan, China",2020,3,https://jamanetwork.com/journals/jama/fullarticle/2761043?resultClick=1,JAMA
353,1,"Clinical Characteristics of 138 Hospitalized Patients With 2019 Novel Coronavirus‚ÄìInfected Pneumonia in Wuhan, China",2020,3,https://jamanetwork.com/journals/jama/fullarticle/2761044?resultClick=1,JAMA
354,1,"Discussing the ABCs of Health Security‚Antibiotic Resistance, Biothreats, and Coronavirus",2020,3,https://jamanetwork.com/journals/jama/fullarticle/2761776?resultClick=1,JAMA
355,1,Coronavirus Infections‚More Than Just the Common Cold,2020,2,https://jamanetwork.com/journals/jama/fullarticle/2759815?resultClick=1,JAMA
356,5,"The Novel Coronavirus Originating in Wuhan, China: Challenges for Global Health Governance",2020,2,https://jamanetwork.com/journals/jama/fullarticle/2760500?resultClick=1,JAMA
357,5,FDA Warns Coronavirus Outbreak May Disrupt Supply of Critical Medical Products,2020,2,https://jamanetwork.com/channels/health-forum/fullarticle/2761949?resultClick=1,JAMA
358,4,Coronavirus Outbreak‚an Evolving Global Health Emergency,2020,2,https://jamanetwork.com/channels/health-forum/fullarticle/2760671?resultClick=1,JAMA
359,1,Treatment of 5 Critically Ill Patients With COVID-19 With Convalescent Plasma,2020,4,https://jamanetwork.com/journals/jama/fullarticle/2763983?resultClick=1,JAMA
360,1,"Presenting Characteristics, Comorbidities, and Outcomes Among 5700 Patients Hospitalized With COVID-19 in the New York City Area",2020,4,https://jamanetwork.com/journals/jama/fullarticle/2765184?resultClick=1,JAMA
361,1,Safety Recommendations for Evaluation and Surgery of the Head and Neck During the COVID-19 Pandemic,2020,3,https://jamanetwork.com/journals/jamaotolaryngology/fullarticle/2764032?resultClick=1,JAMA
362,1,Pediatric Microlaryngoscopy and Bronchoscopy in the COVID-19 Era,2020,4,https://jamanetwork.com/journals/jamaotolaryngology/fullarticle/2765507?resultClick=1,JAMA
363,1,Contact Tracing Assessment of COVID-19 Transmission Dynamics in Taiwan and Risk at Different Exposure Periods Before and After Symptom Onset,2020,5,https://jamanetwork.com/journals/jamainternalmedicine/fullarticle/2765641?resultClick=1,JAMA
364,5,Blueprint for Restructuring a Department of Surgery in Concert With the Health Care System During a Pandemic: The University of Wisconsin Experience,2020,4,https://jamanetwork.com/journals/jamasurgery/fullarticle/2764726?resultClick=1,JAMA
365,1,"Association of Public Health Interventions With the Epidemiology of the COVID-19 Outbreak in Wuhan, China",2020,4,https://jamanetwork.com/journals/jama/fullarticle/2764658?resultClick=1,JAMA
366,1,CDC Updates Guidance to Detect Novel Coronavirus Infections,2013,8,https://jamanetwork.com/journals/jama/fullarticle/1724288?resultClick=1,JAMA
367,1,"Association of Cardiac Injury With Mortality in Hospitalized Patients With COVID-19 in Wuhan, China",2020,3,https://jamanetwork.com/journals/jamacardiology/fullarticle/2763524?resultClick=1,JAMA
368,5,Lessons Learned From SARS Outbreak Prompt Rapid Response to New Coronavirus,2013,4,https://jamanetwork.com/journals/jama/fullarticle/1679396?resultClick=1,JAMA
369,1,"Severe Respiratory Illness Associated With a Novel Coronavirus ‚ Saudi Arabia and Qatar, 2012",2012,11,https://jamanetwork.com/journals/jama/fullarticle/1456094?resultClick=1,JAMA
370,7,Neuromuscular Disorders in Severe Acute Respiratory Syndrome,2004,11,https://jamanetwork.com/journals/jamaneurology/fullarticle/787110?resultClick=1,JAMA
371,6,Inhibition of SARS-Associated Coronavirus Infection and Replication by RNA Interference,2003,11,https://jamanetwork.com/journals/jama/fullarticle/197705?resultClick=1,JAMA
372,7,"Severe Acute Respiratory Syndrome (SARS) and Coronavirus Testing‚United States, 2003",2003,5,https://jamanetwork.com/journals/jama/fullarticle/196501?resultClick=1,JAMA
373,5,Myopathic Changes Associated With Severe Acute Respiratory Syndrome: A Postmortem Case Series,2005,7,https://jamanetwork.com/journals/jamaneurology/fullarticle/788930?resultClick=1,JAMA
374,4,Viral Etiology of Severe Pneumonia Among Kenyan Infants and Children,2010,5,https://jamanetwork.com/journals/jama/fullarticle/185951?resultClick=1,JAMA
375,6,Rate of Concurrent Otitis Media in Upper Respiratory Tract Infections With Specific Viruses,2009,1,https://jamanetwork.com/journals/jamaotolaryngology/fullarticle/409695?resultClick=1,JAMA
376,5,Presumed Asymptomatic Carrier Transmission of COVID-19,2020,4,https://jamanetwork.com/journals/jama/fullarticle/2762028?resultClick=1,JAMA
377,5,Food Safety and COVID-19,2020,4,https://jamanetwork.com/journals/jama/fullarticle/2764560?resultClick=1,JAMA
378,5,Stopping the Spread of COVID-19,2020,4,https://jamanetwork.com/journals/jama/fullarticle/2763533?resultClick=1,JAMA
379,5,Information Technology‚ÄìBased Tracing Strategy in Response to COVID-19 in South Korea‚Privacy Controversies,2020,4,https://jamanetwork.com/journals/jama/fullarticle/2765252?resultClick=1,JAMA
380,1,Facing a Pandemic While Pregnant,2020,4,https://jamanetwork.com/journals/jamaoncology/fullarticle/2765239?resultClick=1,JAMA
381,5,Managing COVID-19 in Low- and Middle-Income Countries,2020,4,https://jamanetwork.com/journals/jama/fullarticle/2763372?resultClick=1,JAMA
382,5,COVID-19 and Risks Posed to Personnel During Endotracheal Intubation,2020,4,https://jamanetwork.com/journals/jama/fullarticle/2765376?resultClick=1,JAMA
383,1,Addressing the COVID-19 Pandemic in Populations With Serious Mental Illness,2020,4,https://jamanetwork.com/journals/jamapsychiatry/fullarticle/2764227?resultClick=1,JAMA
384,6,Management of COVID-19 Respiratory Distress,2020,4,https://jamanetwork.com/journals/jama/fullarticle/2765302?resultClick=1,JAMA
385,5,Supporting the Health Care Workforce During the COVID-19 Global Epidemic,2020,4,https://jamanetwork.com/journals/jama/fullarticle/2763136?resultClick=1,JAMA
386,5,COVID-19 Pandemic Poses Challenge for Jails and Prisons,2020,4,https://jamanetwork.com/channels/health-forum/fullarticle/2764370?resultClick=1,JAMA
387,5,Report Proposes COVID-19 National Surveillance Plan,2020,4,https://jamanetwork.com/channels/health-forum/fullarticle/2765273?resultClick=1,JAMA
388,5,Priorities for the US Health Community Responding to COVID-19,2020,4,https://jamanetwork.com/journals/jama/fullarticle/2762690?resultClick=1,JAMA
389,5,Characteristics and Outcomes of 21 Critically Ill Patients With COVID-19 in Washington State,2020,4,https://jamanetwork.com/journals/jama/fullarticle/2763485?resultClick=1,JAMA
390,5,Failing Another National Stress Test on Health Disparities,2020,4,https://jamanetwork.com/journals/jama/fullarticle/2764788?resultClick=1,JAMA
391,4,What Other Countries Can Learn From Italy During the COVID-19 Pandemic,2020,4,https://jamanetwork.com/journals/jamainternalmedicine/fullarticle/2764369?resultClick=1,JAMA
392,5,Alterations in Smell or Taste in Mildly Symptomatic Outpatients With SARS-CoV-2 Infection,2020,4,https://jamanetwork.com/journals/jama/fullarticle/2765183?resultClick=1,JAMA
393,5,From Containment to Mitigation of COVID-19 in the US,2020,4,https://jamanetwork.com/journals/jama/fullarticle/2763187?resultClick=1,JAMA
394,1,Preparing for the Most Critically Ill Patients With COVID-19: The Potential Role of Extracorporeal Membrane Oxygenation,2020,4,https://jamanetwork.com/journals/jama/fullarticle/2761778?resultClick=1,JAMA
395,1,Convalescent Plasma to Treat COVID-19: Possibilities and Challenges,2020,4,https://jamanetwork.com/journals/jama/fullarticle/2763982?resultClick=1,JAMA
396,6,Critical Illness in Patients With COVID-19: Mounting an Effective Clinical and Research Response,2020,4,https://jamanetwork.com/journals/jama/fullarticle/2764363?resultClick=1,JAMA
397,5,"Humans, Viruses, and the Eye‚An Early Report From the COVID-19 Front Line",2020,3,https://jamanetwork.com/journals/jamaophthalmology/fullarticle/2764084?resultClick=1,JAMA
398,5,Public Health Interventions for COVID-19: Emerging Evidence and Implications for an Evolving Public Health Crisis,2020,4,https://jamanetwork.com/journals/jama/fullarticle/2764656?resultClick=1,JAMA
399,5,Emerging Lessons From COVID-19 Response in New York City,2020,4,https://jamanetwork.com/channels/health-forum/fullarticle/2764817?resultClick=1,JAMA
400,5,Meeting the Care Needs of Older Adults Isolated at Home During the COVID-19 Pandemic,2020,4,https://jamanetwork.com/journals/jamainternalmedicine/fullarticle/2764748?resultClick=1,JAMA
401,1,Incorporating Test Characteristics Into SARS-CoV-2 Testing Policy‚Sense and Sensitivity,2020,4,https://jamanetwork.com/channels/health-forum/fullarticle/2764750?resultClick=1,JAMA
402,6,Privileges and Immunity Certification During the COVID-19 Pandemic,2020,5,https://jamanetwork.com/journals/jama/fullarticle/2765835?resultClick=1,JAMA
403,4,Exposure to a Surrogate Measure of Contamination From Simulated Patients by Emergency Department Personnel Wearing Personal Protective Equipment,2020,4,https://jamanetwork.com/journals/jama/fullarticle/2765377?resultClick=1,JAMA
404,5,Care for Critically Ill Patients With COVID-19,2020,4,https://jamanetwork.com/journals/jama/fullarticle/2762996?resultClick=1,JAMA
405,6,COVID-19 and African Americans,2020,4,https://jamanetwork.com/journals/jama/fullarticle/2764789?resultClick=1,JAMA
406,6,Rates of Co-infection Between SARS-CoV-2 and Other Respiratory Pathogens,2020,4,https://jamanetwork.com/journals/jama/fullarticle/2764787?resultClick=1,JAMA
407,5,Oncology Practice During the COVID-19 Pandemic,2020,4,https://jamanetwork.com/journals/jama/fullarticle/2764728?resultClick=1,JAMA
408,1,The Mental Health Consequences of COVID-19 and Physical Distancing: The Need for Prevention and Early Intervention,2020,4,https://jamanetwork.com/journals/jamainternalmedicine/fullarticle/2764404?resultClick=1,JAMA
409,4,COVID-19‚New Insights on a Rapidly Changing Epidemic,2020,4,https://jamanetwork.com/journals/jama/fullarticle/2762510?resultClick=1,JAMA
410,5,"Educate, Amplify, and Focus to Address COVID-19 Misinformation",2020,4,https://jamanetwork.com/channels/health-forum/fullarticle/2764847?resultClick=1,JAMA
411,5,How Will COVID-19 Affect the Health Care Economy?,2020,4,https://jamanetwork.com/channels/health-forum/fullarticle/2764547?resultClick=1,JAMA
412,6,Ensuring Access to Medications in the US During the COVID-19 Pandemic,2020,4,https://jamanetwork.com/journals/jama/fullarticle/2764562?resultClick=1,JAMA
413,1,Leveraging COVID-19‚ÄìInspired Changes to Advance Otolaryngology‚Here to Stay,2020,4,https://jamanetwork.com/journals/jamaotolaryngology/fullarticle/2765504?resultClick=1,JAMA
414,6,Understanding and Addressing Sources of Anxiety Among Health Care Professionals During the COVID-19 Pandemic,2020,4,https://jamanetwork.com/journals/jama/fullarticle/2764380?resultClick=1,JAMA
415,1,Testing an Old Therapy Against a New Disease: Convalescent Plasma for COVID-19,2020,4,https://jamanetwork.com/journals/jama/fullarticle/2765617?resultClick=1,JAMA
416,5,The COVID-19 Pandemic in the US: A Clinical Update,2020,4,https://jamanetwork.com/journals/jama/fullarticle/2764366?resultClick=1,JAMA
417,1,How to Partner With the Military in Responding to Pandemics‚A Blueprint for Success,2020,4,https://jamanetwork.com/journals/jamasurgery/fullarticle/2764318?resultClick=1,JAMA
418,6,A Simple Technique for Droplet Control During Mastoid Surgery,2020,4,https://jamanetwork.com/journals/jamaotolaryngology/fullarticle/2765505?resultClick=1,JAMA
419,5,Caring for Patients With Cancer During the COVID-19 Outbreak in Italy,2020,4,https://jamanetwork.com/journals/jamaoncology/fullarticle/2764435?resultClick=1,JAMA
420,5,King Lear Under COVID-19 Lockdown,2020,4,https://jamanetwork.com/journals/jama/fullarticle/2764654?resultClick=1,JAMA
421,1,"Response to COVID-19 in Taiwan: Big Data Analytics, New Technology, and Proactive Testing",2020,4,https://jamanetwork.com/journals/jama/fullarticle/2762689?resultClick=1,JAMA
422,1,"A Bold Response to the COVID-19 Pandemic: Medical Students, National Service, and Public Health",2020,4,https://jamanetwork.com/journals/jama/fullarticle/2764427?resultClick=1,JAMA
423,5,Community Prevalence of SARS-CoV-2 Among Patients With Influenzalike Illnesses Presenting to a Los Angeles Medical Center in March 2020,2020,3,https://jamanetwork.com/journals/jama/fullarticle/2764137?resultClick=1,JAMA
424,6,Interpreting Diagnostic Tests for SARS-CoV-2,2020,5,https://jamanetwork.com/journals/jama/fullarticle/2765837?resultClick=1,JAMA
425,1,Active and Effective Measures for the Care of Patients With Cancer During the COVID-19 Spread in China,2020,4,https://jamanetwork.com/journals/jamaoncology/fullarticle/2763961?resultClick=1,JAMA
426,1,Predictive Mathematical Models of the COVID-19 Pandemic: Underlying Principles and Value of Projections,2020,4,https://jamanetwork.com/journals/jama/fullarticle/2764824?resultClick=1,JAMA
427,5,Medical Student Education in the Time of COVID-19,2020,3,https://jamanetwork.com/journals/jama/fullarticle/2764138?resultClick=1,JAMA
428,5,Regional Strategies for Academic Health Centers to Support Primary Care During the COVID-19 Pandemic: A Plea From the Front Lines,2020,4,https://jamanetwork.com/channels/health-forum/fullarticle/2764405?resultClick=1,JAMA
429,1,The Promise and Peril of Antibody Testing for COVID-19,2020,4,https://jamanetwork.com/journals/jama/fullarticle/2764954?resultClick=1,JAMA
430,1,An Acute Respiratory Infection Runs Into the Most Common Noncommunicable Epidemic‚COVID-19 and Cardiovascular Diseases,2020,3,https://jamanetwork.com/journals/jamacardiology/fullarticle/2763525?resultClick=1,JAMA
431,1,Management of Critically Ill Adults With COVID-19,2020,3,https://jamanetwork.com/journals/jama/fullarticle/2763879?resultClick=1,JAMA
432,1,Optimizing the Trade-off Between Learning and Doing in a Pandemic,2020,3,https://jamanetwork.com/journals/jama/fullarticle/2764074?resultClick=1,JAMA
433,1,The Ethics of COVID-19 Immunity-Based Licenses (‚ÄúImmunity Passports‚Äù),2020,5,https://jamanetwork.com/journals/jama/fullarticle/2765836?resultClick=1,JAMA
434,6,Overlap Weighting: A Propensity Score Method That Mimics Attributes of a Randomized Clinical Trial,2020,5,https://jamanetwork.com/journals/jama/fullarticle/2765748?resultClick=1,JAMA
435,4,Longitudinal Change of SARS-Cov2 Antibodies in Patients with COVID-19,2020,5,https://academic.oup.com/jid/advance-article/doi/10.1093/infdis/jiaa229/5828055?searchresult=1,The Journal of Infectious Diseases
436,5,Effect of Convalescent Plasma Therapy on Viral Shedding and Survival in COVID-19 Patients,2020,4,https://academic.oup.com/jid/advance-article/doi/10.1093/infdis/jiaa228/5826985?searchresult=1,The Journal of Infectious Diseases
437,4,Interferon-induced transmembrane protein-3 genetic variant rs12252-C is associated with disease severity in COVID-19,2020,4,https://academic.oup.com/jid/advance-article/doi/10.1093/infdis/jiaa224/5826991?searchresult=1,The Journal of Infectious Diseases
438,4,"Epidemiological characteristics and incubation period of 7,015 confirmed cases with Coronavirus Disease 2019 outside Hubei Province in China",2020,4,https://academic.oup.com/jid/advance-article/doi/10.1093/infdis/jiaa211/5825699?searchresult=1,The Journal of Infectious Diseases
439,7,Epidemiological and Clinical Characteristics of 26 Asymptomatic Severe Acute Respiratory Syndrome Coronavirus 2 Carriers,2020,4,https://academic.oup.com/jid/advance-article/doi/10.1093/infdis/jiaa205/5823633?searchresult=1,The Journal of Infectious Diseases
440,4,Transmission Potential of Asymptomatic and Paucisymptomatic Severe Acute Respiratory Syndrome Coronavirus 2 Infections: A 3-Family Cluster Study in China,2020,4,https://academic.oup.com/jid/advance-article/doi/10.1093/infdis/jiaa206/5823691?searchresult=1,The Journal of Infectious Diseases
441,5,Desperate Times Call for Temperate Measures: Practicing Infectious Diseases During a Novel Pandemic,2020,4,https://academic.oup.com/jid/advance-article/doi/10.1093/infdis/jiaa209/5823351?searchresult=1,The Journal of Infectious Diseases
442,4,Airborne or Droplet Precautions for Health Workers Treating Coronavirus Disease 2019?,2020,4,https://academic.oup.com/jid/advance-article/doi/10.1093/infdis/jiaa189/5820886?searchresult=1,The Journal of Infectious Diseases
443,7,Indoor Environmental Factors and Acute Respiratory Illness in a Prospective Cohort of Community-Dwelling Older Adults,2020,4,https://academic.oup.com/jid/advance-article/doi/10.1093/infdis/jiaa188/5820877?searchresult=1,The Journal of Infectious Diseases
444,5,Epidemiology of Seasonal Coronaviruses: Establishing the Context for the Emergence of Coronavirus Disease 2019,2020,4,https://academic.oup.com/jid/advance-article/doi/10.1093/infdis/jiaa185/5820656?searchresult=1,The Journal of Infectious Diseases
445,6,My Future in Medicine: How COVID-19 Is Inspiring the Next Generation of Infectious Disease Specialists,2020,4,https://academic.oup.com/jid/advance-article/doi/10.1093/infdis/jiaa178/5818971?searchresult=1,The Journal of Infectious Diseases
446,4,Coronavirus Occurrence and Transmission Over 8 Years in the HIVE Cohort of Households in Michigan,2020,4,https://academic.oup.com/jid/advance-article/doi/10.1093/infdis/jiaa161/5815743?searchresult=1,The Journal of Infectious Diseases
447,5,Human Challenge Studies to Accelerate Coronavirus Vaccine Licensure,2020,3,https://academic.oup.com/jid/advance-article/doi/10.1093/infdis/jiaa152/5814216?searchresult=1,The Journal of Infectious Diseases
448,6,Characteristics of Peripheral Lymphocyte Subset Alteration in COVID-19 Pneumonia,2020,3,https://academic.oup.com/jid/advance-article/doi/10.1093/infdis/jiaa150/5813618?searchresult=1,The Journal of Infectious Diseases
449,5,Predictive Value of Respiratory Viral Detection in the Upper Respiratory Tract for Infection of the Lower Respiratory Tract With Hematopoietic Stem Cell Transplantation,2019,9,https://academic.oup.com/jid/article/221/3/379/5572451?searchresult=1,The Journal of Infectious Diseases
450,1,Public Health Measures to Slow Community Spread of Coronavirus Disease 2019,2020,3,https://academic.oup.com/jid/advance-article/doi/10.1093/infdis/jiaa123/5810274?searchresult=1,The Journal of Infectious Diseases
451,1,"A 55-Day-Old Female Infant Infected With 2019 Novel Coronavirus Disease: Presenting With Pneumonia, Liver Injury, and Heart Damage",2020,3,https://academic.oup.com/jid/advance-article/doi/10.1093/infdis/jiaa113/5807961?searchresult=1,The Journal of Infectious Diseases
452,1,"Clinical Outcomes in 55 Patients With Severe Acute Respiratory Syndrome Coronavirus 2 Who Were Asymptomatic at Hospital Admission in Shenzhen, China",2020,3,https://academic.oup.com/jid/advance-article/doi/10.1093/infdis/jiaa119/5807958?searchresult=1,The Journal of Infectious Diseases
453,5,Association of Picornavirus Infections With Acute Otitis Media in a Prospective Birth Cohort Study,2020,2,https://academic.oup.com/jid/advance-article/doi/10.1093/infdis/jiaa087/5764136?searchresult=1,The Journal of Infectious Diseases
454,4,A Familial Cluster of Infection Associated With the 2019 Novel Coronavirus Indicating Possible Person-to-Person Transmission During the Incubation Period,2020,2,https://academic.oup.com/jid/advance-article/doi/10.1093/infdis/jiaa077/5739751?searchresult=1,The Journal of Infectious Diseases
455,4,Griffithsin Inhibits Nipah Virus Entry and Fusion and Can Protect Syrian Golden Hamsters From Lethal Nipah Virus Challenge,2020,2,https://academic.oup.com/jid/advance-article/doi/10.1093/infdis/jiz630/5731546?searchresult=1,The Journal of Infectious Diseases
456,6,Role for Maternal Asthma in Severe Human Metapneumovirus Lung Disease Susceptibility in Children,2020,1,https://academic.oup.com/jid/advance-article/doi/10.1093/infdis/jiaa019/5713478?searchresult=1,The Journal of Infectious Diseases
457,5,Rousettus aegyptiacus Bats Do Not Support Productive Nipah Virus Replication,2019,11,https://academic.oup.com/jid/advance-article/doi/10.1093/infdis/jiz429/5612292?searchresult=1,The Journal of Infectious Diseases
458,1,Development of a Rhinovirus Inoculum Using a Reverse Genetics Approach,2018,11,https://academic.oup.com/jid/article/220/2/187/5154827?searchresult=1,The Journal of Infectious Diseases
459,1,Serologic Markers for Ebolavirus Among Healthcare Workers in the Democratic Republic of the Congo,2018,9,https://academic.oup.com/jid/article/219/4/517/5102506?searchresult=1,The Journal of Infectious Diseases
460,1,The Etiological Role of Common Respiratory Viruses in Acute Respiratory Infections in Older Adults: A Systematic Review and Meta-analysis,2019,3,https://academic.oup.com/jid/advance-article/doi/10.1093/infdis/jiy662/5372489?searchresult=1,The Journal of Infectious Diseases
461,1,Coinfections in Hospitalized Children With Community-Acquired Pneumonia: What Does This Mean for the Clinician?,2017,12,https://academic.oup.com/jid/article/218/2/173/4706284?searchresult=1,The Journal of Infectious Diseases
462,5,Respiratory Viruses in Babies: Important Insights From Down Under,2017,11,https://academic.oup.com/jid/article/217/3/350/4638968?searchresult=1,The Journal of Infectious Diseases
463,5,Superiority of Transcriptional Profiling Over Procalcitonin for Distinguishing Bacterial From Viral Lower Respiratory Tract Infections in Hospitalized Adults,2015,1,https://academic.oup.com/jid/article/212/2/213/890856?searchresult=1,The Journal of Infectious Diseases
464,1,The Effectiveness of Convalescent Plasma and Hyperimmune Immunoglobulin for the Treatment of Severe Acute Respiratory Infections of Viral Etiology: A Systematic Review and Exploratory Meta-analysis,2014,7,https://academic.oup.com/jid/article/211/1/80/799341?searchresult=1,The Journal of Infectious Diseases
465,6,Exposure to Influenza Virus Aerosols in the Hospital Setting: Is Routine Patient Care an Aerosol Generating Procedure?,2014,3,https://academic.oup.com/jid/article/210/3/504/2908617?searchresult=1,The Journal of Infectious Diseases
466,4,Influence of Polyproline Region and Macro Domain Genetic Heterogeneity on HEV Persistence in Immunocompromised Patients,2013,8,https://academic.oup.com/jid/article/209/2/300/827518?searchresult=1,The Journal of Infectious Diseases
467,4,Bacterial Complications of Respiratory Tract Viral Illness: A Comprehensive Evaluation,2013,5,https://academic.oup.com/jid/article/208/3/432/2192780?searchresult=1,The Journal of Infectious Diseases
468,4,"Community-Wide, Contemporaneous Circulation of a Broad Spectrum of Human Rhinoviruses in Healthy Australian Preschool-Aged Children During a 12-Month Period",2012,7,https://academic.oup.com/jid/article/207/9/1433/927248?searchresult=1,The Journal of Infectious Diseases
469,6,The Differential Clinical Impact of Human Coronavirus Species in Children With Cystic Fibrosis,2012,3,https://academic.oup.com/jid/article/206/3/384/2192311?searchresult=1,The Journal of Infectious Diseases
470,4,Mannose-Binding Lectin Contributes to Deleterious Inflammatory Response in Pandemic H1N1 and Avian H9N2 Infection,2011,11,https://academic.oup.com/jid/article/205/1/44/875019?searchresult=1,The Journal of Infectious Diseases
471,1,Genetic Variants and Susceptibility to Neurological Complications Following West Nile Virus Infection,2011,10,https://academic.oup.com/jid/article/204/7/1031/810969?searchresult=1,The Journal of Infectious Diseases
472,1,Molecular Imaging of Influenza and Other Emerging Respiratory Viral Infections,2011,5,https://academic.oup.com/jid/article/203/10/1348/813705?searchresult=1,The Journal of Infectious Diseases
473,6,The Membrane Protein of Severe Acute Respiratory Syndrome Coronavirus Acts as a Dominant Immunogen Revealed by a Clustering Region of Novel Functionally and Structurally Defined Cytotoxic T-Lymphocyte Epitopes,2010,10,https://academic.oup.com/jid/article/202/8/1171/926918?searchresult=1,The Journal of Infectious Diseases
474,4,Severity of Pneumonia Due to New H1N1 Influenza Virus in Ferrets Is Intermediate between That Due to Seasonal H1N1 Virus and Highly Pathogenic Avian Influenza H5N1 Virus,2010,4,https://academic.oup.com/jid/article/201/7/993/809136?searchresult=1,The Journal of Infectious Diseases